query_filename,ground_truth_listing_id,predicted_top1_listing_id,top1_similarity,top5_listing_ids,top1_correct,top5_correct,condition,encoding_time_ms,faiss_search_time_ms,total_time_ms
4374702628_bad_lighting.jpg,4374702628,4374702628,0.951923131942749,4374702628|1096708970|1734870213|799999727|4583159295,True,True,bad_lighting,455.7911000447348,43.07319998042658,498.86430002516136
4374702628_brightness_contrast.jpg,4374702628,4374702628,0.9071556925773621,4374702628|1723583907|4583154782|1096708970|4583170896,True,True,brightness_contrast,144.82779998797923,2.0946000004187226,146.92239998839796
4374702628_blur.jpg,4374702628,4374702628,0.9508304595947266,4374702628|1734870213|4374717886|4421023473|1815498986,True,True,blur,154.1111000115052,1.892399974167347,156.00349998567253
4374702628_rotation.jpg,4374702628,4374702628,0.9741781949996948,4374702628|4583158064|1096708970|1734870213|1585067091,True,True,rotation,146.7362000257708,1.9057000172324479,148.64190004300326
4374702628_partial_crop.jpg,4374702628,4374702628,0.9486633539199829,4374702628|4374717886|4538718465|1734870213|4373751461,True,True,partial_crop,145.60730004450306,2.0806999527849257,147.687999997288
4374702628_partial_occlusion.jpg,4374702628,4374702628,0.9273011088371277,4374702628|1585067091|4511138131|4583156198|4582418105,True,True,partial_occlusion,151.0394000215456,1.266100036446005,152.3055000579916
4374702628_background_clutter.jpg,4374702628,4366231627,0.7888026833534241,4366231627|1569115922|1305552340|1825603051|4554963838,False,False,background_clutter,148.393000010401,2.1123000187799335,150.50530002918094
4374702628_image_noise.jpg,4374702628,4374702628,0.9374726414680481,4374702628|1732288389|4583159392|1096708970|4583154782,True,True,image_noise,148.89320003567263,1.9403999904170632,150.8336000260897
4374702628_perspective_distortion.jpg,4374702628,4374702628,0.9842578172683716,4374702628|4374717886|1096708970|1818383189|1732288389,True,True,perspective_distortion,154.72190000582486,2.6137999957427382,157.3357000015676
4374702628_combined_difficult.jpg,4374702628,4374702628,0.8638900518417358,4374702628|4562284516|1178989785|4430880254|1596274355,True,True,combined_difficult,183.9320999570191,2.4624000070616603,186.39449996408075
4359431295_bad_lighting.jpg,4359431295,4359431295,0.9441458582878113,4359431295|4442118540|4582211746|4494169381|804937423,True,True,bad_lighting,150.98959999158978,1.331100007519126,152.3206999991089
4359431295_brightness_contrast.jpg,4359431295,4359431295,0.9452253580093384,4359431295|4442118540|4494169381|4367978937|1622989035,True,True,brightness_contrast,157.25390001898631,1.9609000300988555,159.21480004908517
4359431295_blur.jpg,4359431295,4359431295,0.9192428588867188,4359431295|4461254811|4581952148|1474040695|4456440212,True,True,blur,152.04949997132644,1.922300027217716,153.97179999854416
4359431295_rotation.jpg,4359431295,4359431295,0.9437658786773682,4359431295|4442118540|4337011688|1267939094|4456440212,True,True,rotation,153.76509999623522,1.9352000090293586,155.70030000526458
4359431295_partial_crop.jpg,4359431295,4359431295,0.9338355660438538,4359431295|1848093136|4505753654|1622989035|4420725551,True,True,partial_crop,142.59190001757815,2.05060001462698,144.64250003220513
4359431295_partial_occlusion.jpg,4359431295,4359431295,0.9005130529403687,4359431295|1831015938|4410769600|4557804056|1819771301,True,True,partial_occlusion,154.21199996490031,1.5625000232830644,155.77449998818338
4359431295_background_clutter.jpg,4359431295,4359431295,0.7924637794494629,4359431295|4581952148|4553789956|4388512225|4557804056,True,True,background_clutter,145.79609996872023,1.2441999861039221,147.04029995482415
4359431295_image_noise.jpg,4359431295,4359431295,0.9199255704879761,4359431295|4494169381|4442118540|4392368035|4367978937,True,True,image_noise,155.7226000004448,1.2317999498918653,156.95439995033666
4359431295_perspective_distortion.jpg,4359431295,4359431295,0.9656673073768616,4359431295|4442118540|4410769600|4582211746|1819771301,True,True,perspective_distortion,150.43430001242086,1.943000010214746,152.3773000226356
4359431295_combined_difficult.jpg,4359431295,4359431295,0.8242971897125244,4359431295|4388512225|4581952148|4395797008|4308355558,True,True,combined_difficult,151.3396999798715,1.2102000182494521,152.54989999812096
622214926_bad_lighting.jpg,622214926,622214926,0.9513564705848694,622214926|753675226|185646205|1643770648|4510422007,True,True,bad_lighting,138.78809998277575,1.954799983650446,140.7428999664262
622214926_brightness_contrast.jpg,622214926,622214926,0.9344131946563721,622214926|185646205|159287229|4510410128|1068710247,True,True,brightness_contrast,158.88649999396876,2.467099984642118,161.35359997861087
622214926_blur.jpg,622214926,622214926,0.9381938576698303,622214926|234909980|185646205|1569230911|1860234592,True,True,blur,146.52300003217533,1.907799975015223,148.43080000719056
622214926_rotation.jpg,622214926,622214926,0.9405931234359741,622214926|4544754471|4582187227|1214995690|1440678485,True,True,rotation,150.23249998921528,1.9531999714672565,152.18569996068254
622214926_partial_crop.jpg,622214926,622214926,0.9086707830429077,622214926|1426035601|4582187227|4544754471|1569230911,True,True,partial_crop,143.9618999720551,2.273900026921183,146.2357999989763
622214926_partial_occlusion.jpg,622214926,622214926,0.907975435256958,622214926|1643770648|4582201251|1788003040|4372275877,True,True,partial_occlusion,152.60859997943044,2.925099979620427,155.53369995905086
622214926_background_clutter.jpg,622214926,622214926,0.8293587565422058,622214926|1068710247|4582169699|1788003040|1569230911,True,True,background_clutter,148.560700006783,1.2811000342480838,149.8418000410311
622214926_image_noise.jpg,622214926,622214926,0.932193398475647,622214926|1643770648|185646205|1788003040|159287229,True,True,image_noise,147.7100999909453,1.399700006004423,149.10979999694973
622214926_perspective_distortion.jpg,622214926,622214926,0.9529798030853271,622214926|185646205|1643770648|4510410128|4544754471,True,True,perspective_distortion,160.87650001281872,2.1517000277526677,163.0282000405714
622214926_combined_difficult.jpg,622214926,622214926,0.9229158759117126,622214926|185646205|4510422007|753675226|1643770648,True,True,combined_difficult,157.42210001917556,2.7770999586209655,160.19919997779652
547042416_bad_lighting.jpg,547042416,547042416,0.953029453754425,547042416|894705954|527516275|4308355422|4579370580,True,True,bad_lighting,163.11470000073314,2.421799988951534,165.53649998968467
547042416_brightness_contrast.jpg,547042416,547042416,0.8457744121551514,547042416|527516275|894705954|4308355422|4582218842,True,True,brightness_contrast,152.2345999837853,2.3596000391989946,154.5942000229843
547042416_blur.jpg,547042416,547042416,0.9308807849884033,547042416|527516275|894705954|4470585161|4308355422,True,True,blur,147.42980001028627,2.4420999689027667,149.87189997918904
547042416_rotation.jpg,547042416,547042416,0.9032076597213745,547042416|4494938702|4582163261|4583152458|84816040,True,True,rotation,151.02059999480844,2.062699990347028,153.08329998515546
547042416_partial_crop.jpg,547042416,547042416,0.8963184356689453,547042416|4494938702|4583152458|84816040|1612904168,True,True,partial_crop,143.49139999831095,2.2817999706603587,145.7731999689713
547042416_partial_occlusion.jpg,547042416,547042416,0.8506919145584106,547042416|1304352645|1612904168|4582163261|4494938702,True,True,partial_occlusion,150.06060001906008,2.084999985527247,152.14560000458732
547042416_background_clutter.jpg,547042416,4445726329,0.7869910001754761,4445726329|727775169|1304264275|547042416|498243875,False,True,background_clutter,150.89140000054613,2.0607999758794904,152.95219997642562
547042416_image_noise.jpg,547042416,547042416,0.9349460601806641,547042416|527516275|4582218842|4582230760|4470585161,True,True,image_noise,159.750500053633,1.538099953904748,161.28860000753775
547042416_perspective_distortion.jpg,547042416,547042416,0.9374792575836182,547042416|527516275|4470585161|4582218842|4583159638,True,True,perspective_distortion,152.48039999278262,2.1183000062592328,154.59869999904186
547042416_combined_difficult.jpg,547042416,547042416,0.8899546265602112,547042416|4494938702|991722775|565681108|4445726329,True,True,combined_difficult,155.12890001991764,2.24899995373562,157.37789997365326
4479465976_bad_lighting.jpg,4479465976,4479465976,0.9498295783996582,4479465976|977569365|713084141|4354476237|4510377608,True,True,bad_lighting,158.14469999168068,2.642700041178614,160.7874000328593
4479465976_brightness_contrast.jpg,4479465976,4479465976,0.9086693525314331,4479465976|977569365|4510375245|4545539510|4540288608,True,True,brightness_contrast,156.6912999842316,2.1736000198870897,158.86490000411868
4479465976_blur.jpg,4479465976,4479465976,0.9455591440200806,4479465976|977569365|713084141|1293309067|1820217378,True,True,blur,146.59259998006746,1.2112000258639455,147.8038000059314
4479465976_rotation.jpg,4479465976,4479465976,0.9436904788017273,4479465976|4354476237|4466874315|1690643652|713084141,True,True,rotation,147.29209995130077,1.8841000273823738,149.17619997868314
4479465976_partial_crop.jpg,4479465976,4479465976,0.8780995607376099,4479465976|977569365|4307178142|4354476237|4466874315,True,True,partial_crop,141.49609999731183,2.2456999868154526,143.74179998412728
4479465976_partial_occlusion.jpg,4479465976,4479465976,0.8960562944412231,4479465976|713084141|4354476237|4510371666|977569365,True,True,partial_occlusion,141.51290000882,1.9326999899931252,143.44559999881312
4479465976_background_clutter.jpg,4479465976,977569365,0.7881606817245483,977569365|4510371666|4479465976|4363580673|713084141,False,True,background_clutter,143.87829997576773,2.0942999981343746,145.9725999739021
4479465976_image_noise.jpg,4479465976,4479465976,0.8923979997634888,4479465976|977569365|4510377608|4354476237|4510371666,True,True,image_noise,152.1061999956146,2.0696999854408205,154.1758999810554
4479465976_perspective_distortion.jpg,4479465976,4479465976,0.9586875438690186,4479465976|4354476237|977569365|4510371666|4510377608,True,True,perspective_distortion,142.16220000525936,1.915499975439161,144.07769998069853
4479465976_combined_difficult.jpg,4479465976,4479465976,0.8788424730300903,4479465976|977569365|4510371666|713084141|4510375245,True,True,combined_difficult,145.64360002987087,1.4742999919690192,147.1179000218399
4553789956_bad_lighting.jpg,4553789956,4553789956,0.941882312297821,4553789956|4402304460|4370396807|4527781892|918937344,True,True,bad_lighting,146.95790002588183,1.3202999834902585,148.27820000937209
4553789956_brightness_contrast.jpg,4553789956,4553789956,0.87797611951828,4553789956|1319801910|4510455932|773795577|4542772988,True,True,brightness_contrast,147.00709999306127,2.0070000318810344,149.0141000249423
4553789956_blur.jpg,4553789956,4553789956,0.9003651738166809,4553789956|4402304460|4527781892|4410744575|1599301525,True,True,blur,143.85430002585053,1.2903999886475503,145.14470001449808
4553789956_rotation.jpg,4553789956,4553789956,0.9367890954017639,4553789956|4527781892|4368391596|4510452277|4542772988,True,True,rotation,144.39510001102462,1.8854999798350036,146.28059999085963
4553789956_partial_crop.jpg,4553789956,4553789956,0.914945125579834,4553789956|4368391596|4316470015|4510406725|1722462167,True,True,partial_crop,147.74109999416396,1.9054000149480999,149.64650000911206
4553789956_partial_occlusion.jpg,4553789956,4553789956,0.8949717879295349,4553789956|4370396807|4402304460|1304264275|94389772,True,True,partial_occlusion,176.29929998656735,2.2276000236161053,178.52690001018345
4553789956_background_clutter.jpg,4553789956,4553789956,0.8097794055938721,4553789956|4510379232|1669983727|1392396337|4582184054,True,True,background_clutter,143.5922000091523,1.4645999763160944,145.0567999854684
4553789956_image_noise.jpg,4553789956,4553789956,0.8556018471717834,4553789956|4402304460|918937344|4308362561|4368391596,True,True,image_noise,157.032499962952,1.9518000190146267,158.98429998196661
4553789956_perspective_distortion.jpg,4553789956,4553789956,0.9567850828170776,4553789956|4527781892|1831140076|4368391596|4432563332,True,True,perspective_distortion,145.22710000164807,2.0317999878898263,147.2588999895379
4553789956_combined_difficult.jpg,4553789956,4553789956,0.8090554475784302,4553789956|4402304460|1599301525|4582216422|1392396337,True,True,combined_difficult,144.78500001132488,1.8882000003941357,146.67320001171902
4511137547_bad_lighting.jpg,4511137547,4511137547,0.9357249736785889,4511137547|4581582743|4486912986|4308337988|889324427,True,True,bad_lighting,146.52619999833405,1.9705999875441194,148.49679998587817
4511137547_brightness_contrast.jpg,4511137547,4511137547,0.9303784370422363,4511137547|4308337988|4445713756|4581582743|4486912986,True,True,brightness_contrast,150.32820001943037,1.3803999754600227,151.7085999948904
4511137547_blur.jpg,4511137547,4511137547,0.9489233493804932,4511137547|4581582743|4573912264|1514629467|1901037771,True,True,blur,142.5963999936357,1.9020000472664833,144.4984000409022
4511137547_rotation.jpg,4511137547,4511137547,0.9653724431991577,4511137547|936907206|4374218049|4581582743|4308337988,True,True,rotation,147.21630001440644,1.9439999596215785,149.16029997402802
4511137547_partial_crop.jpg,4511137547,4511137547,0.9519075155258179,4511137547|4581582743|4490009694|4486912986|4511145454,True,True,partial_crop,142.86259998334572,1.3556000194512308,144.21820000279695
4511137547_partial_occlusion.jpg,4511137547,4511137547,0.9052477478981018,4511137547|4486912986|4308337988|1619115042|4581582743,True,True,partial_occlusion,146.96990000084043,2.216599998064339,149.18649999890476
4511137547_background_clutter.jpg,4511137547,4511137547,0.8548507690429688,4511137547|4445713756|4490009694|4581582743|4573912264,True,True,background_clutter,147.97300001373515,1.366299984510988,149.33929999824613
4511137547_image_noise.jpg,4511137547,4511137547,0.9595144987106323,4511137547|4581582743|4490009694|4486912986|4405227422,True,True,image_noise,145.62259998638183,2.633600030094385,148.2562000164762
4511137547_perspective_distortion.jpg,4511137547,4511137547,0.9683101177215576,4511137547|4581582743|4490009694|4486912986|1514629467,True,True,perspective_distortion,149.23440001439303,2.1429999615065753,151.3773999758996
4511137547_combined_difficult.jpg,4511137547,4486912986,0.8465193510055542,4486912986|4511137547|1377718721|4463645428|4308337988,False,True,combined_difficult,149.21060000779107,1.2662000372074544,150.47680004499853
1874276471_bad_lighting.jpg,1874276471,1874276471,0.8703624606132507,1874276471|4428095886|4581570899|1742320576|4568530663,True,True,bad_lighting,146.2417999864556,1.9168000435456634,148.15860003000125
1874276471_brightness_contrast.jpg,1874276471,1874276471,0.8679760098457336,1874276471|4579463395|4308337988|4568530663|1711537670,True,True,brightness_contrast,153.24980003060773,2.29049997869879,155.54030000930652
1874276471_blur.jpg,1874276471,1874276471,0.8939895629882812,1874276471|4581570899|4568530663|4580910105|4583153073,True,True,blur,146.04469999903813,1.9016999867744744,147.9463999858126
1874276471_rotation.jpg,1874276471,1874276471,0.952022910118103,1874276471|4581570899|4568530663|4581578872|4511137852,True,True,rotation,149.68260005116463,1.2800999684259295,150.96270001959056
1874276471_partial_crop.jpg,1874276471,1874276471,0.9529215097427368,1874276471|4495881157|1144818377|1210101776|1108845478,True,True,partial_crop,139.53569997102022,1.907200028654188,141.4428999996744
1874276471_partial_occlusion.jpg,1874276471,4510375245,0.7908886075019836,4510375245|4510371666|4313955692|1862768351|1667131376,False,False,partial_occlusion,150.35119996173307,2.459999988786876,152.81119995051995
1874276471_background_clutter.jpg,1874276471,4388512225,0.7621450424194336,4388512225|4445726329|4563863182|1392396337|1593461046,False,False,background_clutter,146.85759996064007,2.3809000267647207,149.2384999874048
1874276471_image_noise.jpg,1874276471,1874276471,0.8292462229728699,1874276471|4428095886|4510414879|4568530663|4562229685,True,True,image_noise,152.02529996167868,2.2883000201545656,154.31359998183325
1874276471_perspective_distortion.jpg,1874276471,1874276471,0.9347208738327026,1874276471|4580910105|4581570899|4568530663|4522721891,True,True,perspective_distortion,156.4928999869153,1.255700015462935,157.74860000237823
1874276471_combined_difficult.jpg,1874276471,1742320576,0.8165522813796997,1742320576|1874276471|4297643598|1667131376|4542772988,False,True,combined_difficult,146.88719995319843,1.196300028823316,148.08349998202175
4510429730_bad_lighting.jpg,4510429730,4510429730,0.9496325850486755,4510429730|4583155272|4510433066|881946505|513645306,True,True,bad_lighting,151.05889999540523,1.913400017656386,152.9723000130616
4510429730_brightness_contrast.jpg,4510429730,4510429730,0.952257513999939,4510429730|4510433066|881946505|4528991787|4582177191,True,True,brightness_contrast,150.03900002921,2.1893999655731022,152.2283999947831
4510429730_blur.jpg,4510429730,4510429730,0.9528346061706543,4510429730|4510433066|4503211393|881946505|4510460969,True,True,blur,146.62289997795597,2.202900010161102,148.82579998811707
4510429730_rotation.jpg,4510429730,4510429730,0.953665018081665,4510429730|4510433066|881946505|513645306|1710314518,True,True,rotation,149.63279996300116,2.4406000156886876,152.07339997868985
4510429730_partial_crop.jpg,4510429730,4510429730,0.9483134150505066,4510429730|4510433066|4582209204|513645306|1710314518,True,True,partial_crop,138.24700005352497,1.1998999980278313,139.4469000515528
4510429730_partial_occlusion.jpg,4510429730,4510429730,0.903961718082428,4510429730|1553083116|4582209204|4583155272|4582177191,True,True,partial_occlusion,147.90689997607842,1.9010999822057784,149.8079999582842
4510429730_background_clutter.jpg,4510429730,4510429730,0.8597493171691895,4510429730|1669983727|4445726329|4510379232|1771241310,True,True,background_clutter,143.76189996255562,2.165700017940253,145.92759998049587
4510429730_image_noise.jpg,4510429730,4510429730,0.9459953308105469,4510429730|4510433066|513645306|881946505|1793962777,True,True,image_noise,149.15780001319945,1.9047000096179545,151.0625000228174
4510429730_perspective_distortion.jpg,4510429730,4510429730,0.9773325324058533,4510429730|4510433066|881946505|513645306|4582209204,True,True,perspective_distortion,149.34129995526746,2.092900045681745,151.4342000009492
4510429730_combined_difficult.jpg,4510429730,4510429730,0.9119877815246582,4510429730|1743458243|1402512654|4582221614|1710314518,True,True,combined_difficult,150.12189996195957,2.029600029345602,152.15149999130517
4583140761_bad_lighting.jpg,4583140761,4583140761,0.9490417242050171,4583140761|1799528721|1387125371|4488496481|4559960794,True,True,bad_lighting,147.6185999927111,1.909299986436963,149.52789997914806
4583140761_brightness_contrast.jpg,4583140761,4583140761,0.9259660243988037,4583140761|1783528838|846846551|4330438158|4580708849,True,True,brightness_contrast,152.36249996814877,1.9797999993897974,154.34229996753857
4583140761_blur.jpg,4583140761,4583140761,0.9666537642478943,4583140761|627318719|4559960794|4488496481|846846551,True,True,blur,142.84990000305697,1.8922000308521092,144.74210003390908
4583140761_rotation.jpg,4583140761,4583140761,0.9626571536064148,4583140761|4559960794|627318719|846846551|4463645428,True,True,rotation,147.0670999842696,1.913400017656386,148.98050000192598
4583140761_partial_crop.jpg,4583140761,4583140761,0.9549157023429871,4583140761|846846551|627318719|189522983|4488496481,True,True,partial_crop,135.0487000308931,1.6535999602638185,136.7022999911569
4583140761_partial_occlusion.jpg,4583140761,4583140761,0.9037164449691772,4583140761|846846551|4510371666|4488496481|4433956350,True,True,partial_occlusion,145.67080000415444,2.2001999896019697,147.8709999937564
4583140761_background_clutter.jpg,4583140761,4583152458,0.8387670516967773,4583152458|4583140761|4563863182|4522675099|4363580673,False,True,background_clutter,145.9327000193298,1.978199987206608,147.9109000065364
4583140761_image_noise.jpg,4583140761,4583140761,0.9268667697906494,4583140761|4559960794|4488496481|189522983|4582158711,True,True,image_noise,151.38509997632354,1.929400023072958,153.3144999993965
4583140761_perspective_distortion.jpg,4583140761,4583140761,0.9706600904464722,4583140761|4559960794|846846551|627318719|189522983,True,True,perspective_distortion,152.2918000118807,1.9715999951586127,154.2634000070393
4583140761_combined_difficult.jpg,4583140761,4583140761,0.9272807836532593,4583140761|4488496481|627318719|4457298667|4582178294,True,True,combined_difficult,146.071299968753,1.9475999870337546,148.01889995578676
4373815166_bad_lighting.jpg,4373815166,4373815166,0.9430259466171265,4373815166|767535113|4306110561|1782743074|4510455777,True,True,bad_lighting,154.11990002030507,1.2790999608114362,155.3989999811165
4373815166_brightness_contrast.jpg,4373815166,4373815166,0.9030672907829285,4373815166|767535113|4306110561|672673239|4363510010,True,True,brightness_contrast,154.00470001623034,2.144699974451214,156.14939999068156
4373815166_blur.jpg,4373815166,4373815166,0.9599756002426147,4373815166|4306110561|672673239|4494270191|157480945,True,True,blur,149.41700000781566,1.984700036700815,151.40170004451647
4373815166_rotation.jpg,4373815166,4373815166,0.9695805907249451,4373815166|4306110561|672673239|695980827|1847332318,True,True,rotation,158.32039999077097,1.9734000088647008,160.29379999963567
4373815166_partial_crop.jpg,4373815166,4373815166,0.9568370580673218,4373815166|4306110561|672673239|695980827|1645253416,True,True,partial_crop,138.54379998520017,1.909299986436963,140.45309997163713
4373815166_partial_occlusion.jpg,4373815166,4373815166,0.9598069787025452,4373815166|4306110561|767535113|1847332318|4581873802,True,True,partial_occlusion,156.33349999552593,2.0902000251226127,158.42370002064854
4373815166_background_clutter.jpg,4373815166,4373815166,0.777576744556427,4373815166|1502698806|1332195185|1304264275|565681108,True,True,background_clutter,146.04040002450347,1.2950999662280083,147.33549999073148
4373815166_image_noise.jpg,4373815166,4373815166,0.9159947633743286,4373815166|672673239|626900552|4541263507|1456983660,True,True,image_noise,160.9601000091061,1.1303999926894903,162.0905000017956
4373815166_perspective_distortion.jpg,4373815166,4373815166,0.974197506904602,4373815166|4306110561|672673239|695980827|767535113,True,True,perspective_distortion,152.05699997022748,2.2406000061891973,154.29759997641668
4373815166_combined_difficult.jpg,4373815166,4373815166,0.8977522850036621,4373815166|4306110561|767535113|672673239|4581873802,True,True,combined_difficult,152.73030003299937,2.1211999701336026,154.85150000313297
4376840210_bad_lighting.jpg,4376840210,4376840210,0.9393035769462585,4376840210|4510452277|566103521|4552117127|4582175551,True,True,bad_lighting,155.84979997947812,1.2591999839060009,157.10899996338412
4376840210_brightness_contrast.jpg,4376840210,4376840210,0.938247561454773,4376840210|4582175551|4582202257|4510420653|1293955436,True,True,brightness_contrast,157.0489999721758,1.944500021636486,158.9934999938123
4376840210_blur.jpg,4376840210,4376840210,0.9368258714675903,4376840210|4510452277|1293955436|4487318840|566103521,True,True,blur,150.64690000144765,2.0098999957554042,152.65679999720305
4376840210_rotation.jpg,4376840210,4376840210,0.9579215049743652,4376840210|4510420653|4510452277|1293955436|4582177191,True,True,rotation,154.71259999321774,2.1809000172652304,156.89350001048297
4376840210_partial_crop.jpg,4376840210,4376840210,0.939702033996582,4376840210|4582175551|1719019562|4510452277|1468212454,True,True,partial_crop,144.17139999568462,1.922599971294403,146.09399996697903
4376840210_partial_occlusion.jpg,4376840210,4376840210,0.8405352234840393,4376840210|4510452277|4373777216|4510371666|1087971110,True,True,partial_occlusion,151.68179996544495,1.2623000075109303,152.94409997295588
4376840210_background_clutter.jpg,4376840210,4376840210,0.7594580054283142,4376840210|4510452277|4582184054|4363580673|4522675099,True,True,background_clutter,156.28860000288114,2.5203999830409884,158.80899998592213
4376840210_image_noise.jpg,4376840210,4376840210,0.9316268563270569,4376840210|4373770968|975280229|4582175551|4341602961,True,True,image_noise,159.42069998709485,1.9423000048846006,161.36299999197945
4376840210_perspective_distortion.jpg,4376840210,4376840210,0.956720232963562,4376840210|4582175551|1293955436|4510452277|4582177191,True,True,perspective_distortion,151.44149999832734,2.1440000273287296,153.58550002565607
4376840210_combined_difficult.jpg,4376840210,4376840210,0.7957432270050049,4376840210|4510375245|1604593559|1392396337|1808731154,True,True,combined_difficult,156.93240001564845,1.920199953019619,158.85259996866807
1503723364_bad_lighting.jpg,1503723364,1503723364,0.9457332491874695,1503723364|4580725504|727775169|1895118473|753666678,True,True,bad_lighting,142.67069997731596,1.9029999966733158,144.57369997398928
1503723364_brightness_contrast.jpg,1503723364,1503723364,0.9007490277290344,1503723364|4510245213|4577954309|4582177191|4580717258,True,True,brightness_contrast,148.09020003303885,1.3387000071816146,149.42890004022047
1503723364_blur.jpg,1503723364,1503723364,0.943583607673645,1503723364|4582187140|1895118473|1825603051|4507523705,True,True,blur,146.93499996792525,2.3163000005297363,149.251299968455
1503723364_rotation.jpg,1503723364,1503723364,0.9243996143341064,1503723364|4507523705|4510446788|1890537224|4580725504,True,True,rotation,145.07059997413307,1.9749000202864408,147.04549999441952
1503723364_partial_crop.jpg,1503723364,1503723364,0.9091504812240601,1503723364|4510446788|4507523705|1456720162|1858152361,True,True,partial_crop,148.24120001867414,2.0010999869555235,150.24230000562966
1503723364_partial_occlusion.jpg,1503723364,1503723364,0.7661492824554443,1503723364|4583159208|1890537224|1468181724|4445726329,True,True,partial_occlusion,156.64609998930246,1.9615000346675515,158.60760002397
1503723364_background_clutter.jpg,1503723364,1503723364,0.8342882394790649,1503723364|4445726329|4563863182|727775169|4508619242,True,True,background_clutter,147.67139998730272,1.9201000104658306,149.59149999776855
1503723364_image_noise.jpg,1503723364,1503723364,0.897982120513916,1503723364|4510446788|4510415562|4507523705|4510245213,True,True,image_noise,150.95879998989403,2.347800007555634,153.30659999744967
1503723364_perspective_distortion.jpg,1503723364,1503723364,0.9514650106430054,1503723364|4507523705|1895118473|4462453631|4510446788,True,True,perspective_distortion,148.58949999324977,1.9230000325478613,150.51250002579764
1503723364_combined_difficult.jpg,1503723364,1503723364,0.884235143661499,1503723364|727775169|4580725504|1890537224|1500855929,True,True,combined_difficult,151.73280000453815,2.0308999810367823,153.76369998557493
4309162894_bad_lighting.jpg,4309162894,4309162894,0.9091559648513794,4309162894|1149960630|847586732|4510427729|1168085379,True,True,bad_lighting,143.3936000103131,2.0965999574400485,145.49019996775314
4309162894_brightness_contrast.jpg,4309162894,4309162894,0.9344391822814941,4309162894|4445722624|768011424|4360136659|689463588,True,True,brightness_contrast,147.46120001655072,2.43419996695593,149.89539998350665
4309162894_blur.jpg,4309162894,4309162894,0.9509378671646118,4309162894|4445722624|1567543769|768011424|1379123262,True,True,blur,145.6330000073649,1.9022999913431704,147.53529999870807
4309162894_rotation.jpg,4309162894,4309162894,0.9629581570625305,4309162894|1706258729|768011424|4445722624|4583151955,True,True,rotation,146.48210001178086,1.9287000177428126,148.41080002952367
4309162894_partial_crop.jpg,4309162894,4309162894,0.961814284324646,4309162894|1706258729|1168085379|768011424|1261033001,True,True,partial_crop,135.74240001617,1.9528000266291201,137.69520004279912
4309162894_partial_occlusion.jpg,4309162894,4309162894,0.972450315952301,4309162894|289643381|1168085379|4583151955|1706258729,True,True,partial_occlusion,146.67950000148267,2.0004999823868275,148.6799999838695
4309162894_background_clutter.jpg,4309162894,1304264275,0.839460015296936,1304264275|1706258729|1719754098|1332195185|1149960630,False,False,background_clutter,148.44419999280944,2.1049000206403434,150.5491000134498
4309162894_image_noise.jpg,4309162894,4309162894,0.8677374124526978,4309162894|4510427729|847586732|4352924968|4348781927,True,True,image_noise,148.0580000206828,1.9002999761141837,149.958299996797
4309162894_perspective_distortion.jpg,4309162894,4309162894,0.97486412525177,4309162894|4309153830|4583151955|1168085379|1379123262,True,True,perspective_distortion,152.79930003453046,1.4953999780118465,154.2947000125423
4309162894_combined_difficult.jpg,4309162894,4309162894,0.8088635802268982,4309162894|1043977722|847586732|4446541460|4336278483,True,True,combined_difficult,149.81049997732043,1.9973000162281096,151.80779999354854
1751683468_bad_lighting.jpg,1751683468,1751683468,0.9475016593933105,1751683468|1753650820|1751795586|1755650564|1753628870,True,True,bad_lighting,144.60439997492358,2.104200015310198,146.70859999023378
1751683468_brightness_contrast.jpg,1751683468,1754756940,0.8204368352890015,1754756940|1751683468|1750296874|4581873802|1483418417,False,True,brightness_contrast,147.41070003947243,1.2602999922819436,148.67100003175437
1751683468_blur.jpg,1751683468,1751683468,0.8977107405662537,1751683468|1753650820|1765930835|1751521136|1756373670,True,True,blur,146.16310002747923,2.0063999691046774,148.1694999965839
1751683468_rotation.jpg,1751683468,1751683468,0.9282148480415344,1751683468|1750296874|1755650564|1753650820|1754756940,True,True,rotation,150.08819999638945,2.2285999730229378,152.3167999694124
1751683468_partial_crop.jpg,1751683468,1751683468,0.8917549252510071,1751683468|1754756940|1753628870|1750296874|1765944965,True,True,partial_crop,138.17539997398853,2.1097999997437,140.28519997373223
1751683468_partial_occlusion.jpg,1751683468,1897736207,0.7693129777908325,1897736207|4581218426|1751683468|1753742400|1556708687,False,True,partial_occlusion,151.96479996666312,2.143200021237135,154.10799998790026
1751683468_background_clutter.jpg,1751683468,1751683468,0.7858594655990601,1751683468|4581218426|4510443611|1753742400|4510446788,True,True,background_clutter,152.75369997834787,1.991800032556057,154.74550001090392
1751683468_image_noise.jpg,1751683468,1751683468,0.9182997345924377,1751683468|1754756940|1750296874|1765930835|1751795586,True,True,image_noise,149.11230001598597,1.2937000137753785,150.40600002976134
1751683468_perspective_distortion.jpg,1751683468,1751683468,0.9572165012359619,1751683468|1752939240|1753650820|1753628870|1769385519,True,True,perspective_distortion,152.2698999615386,1.2591000413522124,153.52900000289083
1751683468_combined_difficult.jpg,1751683468,1751683468,0.864078164100647,1751683468|1765930835|1751795586|4510446458|4582206267,True,True,combined_difficult,149.74319998873398,1.2286999844945967,150.97189997322857
4401014124_bad_lighting.jpg,4401014124,4401014124,0.8603941798210144,4401014124|4486912986|1754081797|4445581258|4583168164,True,True,bad_lighting,157.2300000116229,2.4479999556206167,159.67799996724352
4401014124_brightness_contrast.jpg,4401014124,4401014124,0.8926095962524414,4401014124|4445713756|4446533675|4446517955|4357384217,True,True,brightness_contrast,159.04539998155087,1.9215000211261213,160.966900002677
4401014124_blur.jpg,4401014124,4401014124,0.9369903802871704,4401014124|4442007223|4554505122|4573912264|889324427,True,True,blur,160.8993000118062,1.4732999843545258,162.37259999616072
4401014124_rotation.jpg,4401014124,4401014124,0.9654783606529236,4401014124|1619115042|4442007223|4554505122|4308326727,True,True,rotation,158.09359995182604,1.2111000251024961,159.30469997692853
4401014124_partial_crop.jpg,4401014124,1901037771,0.9110845923423767,1901037771|4431870475|4581582743|4515237047|4513545466,False,False,partial_crop,145.58140002191067,1.8236999749206007,147.40509999683127
4401014124_partial_occlusion.jpg,4401014124,4401014124,0.9209499359130859,4401014124|4486912986|4490009694|4511145454|4445713756,True,True,partial_occlusion,164.66220002621412,2.572899975348264,167.2351000015624
4401014124_background_clutter.jpg,4401014124,4522675099,0.8082432746887207,4522675099|1497295369|4376706161|4582184054|4580708849,False,False,background_clutter,159.36660004081205,2.2171999444253743,161.58379998523742
4401014124_image_noise.jpg,4401014124,4401014124,0.8904419541358948,4401014124|4581582743|4486912986|4490009694|4562229685,True,True,image_noise,164.55909999785945,1.2915999977849424,165.8506999956444
4401014124_perspective_distortion.jpg,4401014124,4401014124,0.9745830297470093,4401014124|4308326727|4486912986|1619115042|4511137147,True,True,perspective_distortion,166.0253000445664,1.316899957600981,167.34220000216737
4401014124_combined_difficult.jpg,4401014124,4486912986,0.9116615653038025,4486912986|4401014124|4581582743|4522721891|4508571290,False,True,combined_difficult,160.68279999308288,2.1561000030487776,162.83889999613166
4538148367_bad_lighting.jpg,4538148367,4538148367,0.9646605849266052,4538148367|4343101312|1706637215|749751088|1807655255,True,True,bad_lighting,144.9064000044018,1.955999992787838,146.86239999718964
4538148367_brightness_contrast.jpg,4538148367,4538148367,0.9460879564285278,4538148367|722025036|4434082620|1286830197|725767690,True,True,brightness_contrast,148.6426000483334,1.2978999875485897,149.940500035882
4538148367_blur.jpg,4538148367,4538148367,0.9338469505310059,4538148367|923900805|1505854171|725767690|4510420329,True,True,blur,150.46289999736473,2.1114000119268894,152.57430000929162
4538148367_rotation.jpg,4538148367,4538148367,0.9570456147193909,4538148367|1723532276|788078043|1805498981|725767690,True,True,rotation,146.22669998789206,1.9240000401623547,148.15070002805442
4538148367_partial_crop.jpg,4538148367,4538148367,0.9702692031860352,4538148367|1723532276|1792718582|788078043|725767690,True,True,partial_crop,139.71730001503602,1.25039997510612,140.96769999014214
4538148367_partial_occlusion.jpg,4538148367,4538148367,0.8623242378234863,4538148367|4510420329|4555602423|725767690|1502917898,True,True,partial_occlusion,151.0545999626629,1.9487999961711466,153.00339995883405
4538148367_background_clutter.jpg,4538148367,1502917898,0.8496444821357727,1502917898|4472829474|725767690|923900805|4520004271,False,False,background_clutter,147.60810002917424,2.0534999785013497,149.6616000076756
4538148367_image_noise.jpg,4538148367,4538148367,0.893028736114502,4538148367|788078043|4434082620|4510420329|1795340914,True,True,image_noise,144.42540000891313,1.9976000185124576,146.4230000274256
4538148367_perspective_distortion.jpg,4538148367,4538148367,0.969996452331543,4538148367|788078043|1723532276|722025036|4434082620,True,True,perspective_distortion,148.04439997533336,1.297400041949004,149.34180001728237
4538148367_combined_difficult.jpg,4538148367,4538148367,0.9034173488616943,4538148367|1418285079|722025036|749751088|1807655255,True,True,combined_difficult,150.62380000017583,1.2601999915204942,151.88399999169633
4583169274_bad_lighting.jpg,4583169274,4583169274,0.9299398064613342,4583169274|4583159534|846846551|4583140761|1486495922,True,True,bad_lighting,146.9156999955885,1.8875999958254397,148.80329999141395
4583169274_brightness_contrast.jpg,4583169274,4583169274,0.9017659425735474,4583169274|4583159534|846846551|1783528838|1490943561,True,True,brightness_contrast,145.99719998659566,1.9871999975293875,147.98439998412505
4583169274_blur.jpg,4583169274,4583169274,0.9234240055084229,4583169274|4583159534|846846551|4583140761|4514489032,True,True,blur,148.9341999986209,1.891199965029955,150.82539996365085
4583169274_rotation.jpg,4583169274,4583169274,0.9234076738357544,4583169274|4583159534|846846551|4583140761|4583169424,True,True,rotation,150.68930003326386,2.4261000216938555,153.11540005495772
4583169274_partial_crop.jpg,4583169274,4583169274,0.8991404175758362,4583169274|4583159534|846846551|4546027282|4583140761,True,True,partial_crop,138.37810000404716,1.4105000300332904,139.78860003408045
4583169274_partial_occlusion.jpg,4583169274,4583169274,0.755530834197998,4583169274|4583159534|4522675099|4313955692|4433956350,True,True,partial_occlusion,149.25350004341453,1.9249999895691872,151.17850003298372
4583169274_background_clutter.jpg,4583169274,4583169274,0.8091597557067871,4583169274|4563863182|4583159534|1486495922|4510740161,True,True,background_clutter,149.1511999629438,2.1436000242829323,151.29479998722672
4583169274_image_noise.jpg,4583169274,4583169274,0.8962967991828918,4583169274|4583159534|846846551|4583140761|4510740161,True,True,image_noise,147.24280004156753,1.893599983304739,149.13640002487227
4583169274_perspective_distortion.jpg,4583169274,4583169274,0.9667742848396301,4583169274|4583159534|846846551|4583140761|4382138706,True,True,perspective_distortion,154.8424999928102,1.2758999946527183,156.1183999874629
4583169274_combined_difficult.jpg,4583169274,846846551,0.8363301753997803,846846551|4583169274|715960961|4583140761|1783528838,False,True,combined_difficult,147.17680000467226,1.9774000393226743,149.15420004399493
4553485453_bad_lighting.jpg,4553485453,4553485453,0.9728935956954956,4553485453|4444549123|1633716633|795117353|763959001,True,True,bad_lighting,154.81400000862777,1.2410000199452043,156.05500002857298
4553485453_brightness_contrast.jpg,4553485453,4553485453,0.9281803965568542,4553485453|4444549123|4498676661|1402512654|4432242002,True,True,brightness_contrast,163.5620000306517,1.330200000666082,164.89220003131777
4553485453_blur.jpg,4553485453,4553485453,0.9410792589187622,4553485453|1320114723|4445764160|664752005|4444549123,True,True,blur,156.5554999979213,1.3002000050619245,157.8557000029832
4553485453_rotation.jpg,4553485453,4553485453,0.9519121050834656,4553485453|4444549123|795117353|4498676661|1320114723,True,True,rotation,160.1780999917537,2.2076000459492207,162.38570003770292
4553485453_partial_crop.jpg,4553485453,4553485453,0.9351999163627625,4553485453|1633716633|1474040695|4572024079|1816162921,True,True,partial_crop,138.09029996627942,2.1169999963603914,140.2072999626398
4553485453_partial_occlusion.jpg,4553485453,4494938702,0.8492093682289124,4494938702|4503232716|1502698806|1304264275|565681108,False,False,partial_occlusion,160.09800002211705,1.901899988297373,161.99990001041442
4553485453_background_clutter.jpg,4553485453,1609092004,0.8075536489486694,1609092004|1593461046|565681108|1392396337|4494938702,False,False,background_clutter,152.86510001169518,1.9046000088565052,154.76970002055168
4553485453_image_noise.jpg,4553485453,4553485453,0.9396058320999146,4553485453|1650441948|4444549123|795117353|4432242002,True,True,image_noise,162.11760003352538,1.240599958691746,163.35819999221712
4553485453_perspective_distortion.jpg,4553485453,4553485453,0.9426857233047485,4553485453|4444549123|4498676661|1320114723|4581207806,True,True,perspective_distortion,157.4286000104621,1.293000008445233,158.72160001890734
4553485453_combined_difficult.jpg,4553485453,4553485453,0.9245941638946533,4553485453|763959001|767535113|1320114723|795117353,True,True,combined_difficult,153.55009998893365,1.8659000052139163,155.41599999414757
4552236944_bad_lighting.jpg,4552236944,4552236944,0.9226654767990112,4552236944|4514507389|4319932702|4504919386|1513326270,True,True,bad_lighting,151.61140001146123,2.229199977591634,153.84059998905286
4552236944_brightness_contrast.jpg,4552236944,4552236944,0.8521728515625,4552236944|4514507389|1513326270|679532166|4502791193,True,True,brightness_contrast,154.288700025063,1.3251000200398266,155.61380004510283
4552236944_blur.jpg,4552236944,4552236944,0.9474198818206787,4552236944|4514507389|4319932702|4504919386|712958326,True,True,blur,152.66830002656206,2.0821000216528773,154.75040004821494
4552236944_rotation.jpg,4552236944,4552236944,0.9278782606124878,4552236944|4514507389|712958326|4319932702|4572486301,True,True,rotation,155.6651999708265,2.501700015272945,158.16689998609945
4552236944_partial_crop.jpg,4552236944,712958326,0.8844961524009705,712958326|4548423764|618619481|4533432835|4540572649,False,False,partial_crop,142.75769999949262,2.008299983572215,144.76599998306483
4552236944_partial_occlusion.jpg,4552236944,4552236944,0.9039043188095093,4552236944|4514507389|4319932702|712958326|1418811826,True,True,partial_occlusion,153.6941000376828,1.9153999746777117,155.6095000123605
4552236944_background_clutter.jpg,4552236944,4552236944,0.8185515403747559,4552236944|4319932702|4514507389|4502791193|4470808871,True,True,background_clutter,152.1787000237964,1.9851999823004007,154.1639000060968
4552236944_image_noise.jpg,4552236944,4552236944,0.9125102758407593,4552236944|4514507389|4572486301|4319932702|1513326270,True,True,image_noise,156.6210999735631,1.9181999959982932,158.5392999695614
4552236944_perspective_distortion.jpg,4552236944,4552236944,0.9266797304153442,4552236944|4502791193|4514507389|712958326|4319932702,True,True,perspective_distortion,157.71569998469204,1.2530999956652522,158.9687999803573
4552236944_combined_difficult.jpg,4552236944,1513326270,0.8322159051895142,1513326270|4552236944|4514507389|4502791193|1418811826,False,True,combined_difficult,156.30319999763742,1.1226999922655523,157.42589998990297
938342165_bad_lighting.jpg,938342165,938342165,0.9698453545570374,938342165|4306110561|695980827|4444815720|767536427,True,True,bad_lighting,142.4758000066504,2.0305999787524343,144.50639998540282
938342165_brightness_contrast.jpg,938342165,938342165,0.9444776773452759,938342165|695980827|4409590459|4494952031|4306110561,True,True,brightness_contrast,143.08260002871975,1.9865999929606915,145.06920002168044
938342165_blur.jpg,938342165,938342165,0.9341632723808289,938342165|695980827|4409590459|4306110561|693331072,True,True,blur,139.426400011871,1.9085999811068177,141.33499999297783
938342165_rotation.jpg,938342165,938342165,0.9724544882774353,938342165|4491702437|4409590459|4390763379|4552127415,True,True,rotation,141.6732000070624,1.9150000298395753,143.58820003690198
938342165_partial_crop.jpg,938342165,938342165,0.9627528786659241,938342165|1259984790|4510433629|4409590459|4510443497,True,True,partial_crop,141.96460001403466,1.9064999651163816,143.87109997915104
938342165_partial_occlusion.jpg,938342165,938342165,0.9127864241600037,938342165|767536427|4444815720|695980827|767535113,True,True,partial_occlusion,145.76029998715967,1.9147000275552273,147.6750000147149
938342165_background_clutter.jpg,938342165,938342165,0.9296954870223999,938342165|1259984790|1468212454|4373811768|1604430243,True,True,background_clutter,142.3670999938622,1.2046000338159502,143.57170002767816
938342165_image_noise.jpg,938342165,938342165,0.9297139048576355,938342165|4510433629|4510443497|4564474073|4494952031,True,True,image_noise,148.52719998452812,1.5821000561118126,150.10930004063994
938342165_perspective_distortion.jpg,938342165,938342165,0.9906954169273376,938342165|4444815720|4564474073|695980827|4306110561,True,True,perspective_distortion,147.63939997646958,2.1034000092186034,149.74279998568818
938342165_combined_difficult.jpg,938342165,938342165,0.9213778376579285,938342165|4306110561|4582206267|4504439373|767535113,True,True,combined_difficult,145.15070000197738,1.288799976464361,146.43949997844175
597417564_bad_lighting.jpg,597417564,597417564,0.9613775014877319,597417564|4422617859|642501738|4453885722|1719034282,True,True,bad_lighting,141.26880001276731,1.8922999734058976,143.1610999861732
597417564_brightness_contrast.jpg,597417564,597417564,0.9149057269096375,597417564|4476725657|642501738|494217396|1645215502,True,True,brightness_contrast,150.5913999862969,1.9054000149480999,152.496800001245
597417564_blur.jpg,597417564,597417564,0.8757530450820923,597417564|4582187140|1016832311|4510439205|4418335915,True,True,blur,150.7660000352189,1.971399993635714,152.7374000288546
597417564_rotation.jpg,597417564,597417564,0.9195901155471802,597417564|4453885722|1718919882|4422617859|1645215502,True,True,rotation,148.8037999952212,1.8981000175699592,150.70190001279116
597417564_partial_crop.jpg,597417564,597417564,0.9150623679161072,597417564|1718919882|4453885722|1814851608|1889169516,True,True,partial_crop,137.80260004568845,1.3137999922037125,139.11640003789216
597417564_partial_occlusion.jpg,597417564,597417564,0.9366577863693237,597417564|4422617859|1719034282|4582162193|1717982600,True,True,partial_occlusion,149.76230001775548,1.901299983728677,151.66360000148416
597417564_background_clutter.jpg,597417564,4445726329,0.7208596467971802,4445726329|4388512225|727775169|1392396337|4403488178,False,False,background_clutter,143.7279999954626,1.9115000031888485,145.63949999865144
597417564_image_noise.jpg,597417564,597417564,0.9011325240135193,597417564|642501738|4476725657|494217396|4581470718,True,True,image_noise,146.81130001554266,1.205099979415536,148.0163999949582
597417564_perspective_distortion.jpg,597417564,597417564,0.948643147945404,597417564|4422617859|642501738|1718919882|4476725657,True,True,perspective_distortion,151.14890004042536,1.1298999888822436,152.2788000293076
597417564_combined_difficult.jpg,597417564,597417564,0.8328042030334473,597417564|1809847122|4582187140|4395797008|4487888886,True,True,combined_difficult,148.71370000764728,1.3477999600581825,150.06149996770546
1102807411_bad_lighting.jpg,1102807411,1102807411,0.8814969658851624,1102807411|642501738|1553042138|4295806662|1567222445,True,True,bad_lighting,145.61379997758195,1.9348000059835613,147.5485999835655
1102807411_brightness_contrast.jpg,1102807411,1102807411,0.9359543919563293,1102807411|1553042138|642501738|1567222445|1735939558,True,True,brightness_contrast,152.47159998398274,1.9234000355936587,154.3950000195764
1102807411_blur.jpg,1102807411,1102807411,0.9381624460220337,1102807411|1553042138|642501738|1492710032|4445735236,True,True,blur,147.98319997498766,2.112700021825731,150.0958999968134
1102807411_rotation.jpg,1102807411,1102807411,0.9456302523612976,1102807411|1553042138|642501738|1567222445|1492710032,True,True,rotation,150.20380000350997,1.899799972306937,152.1035999758169
1102807411_partial_crop.jpg,1102807411,1102807411,0.8846501111984253,1102807411|1553042138|642501738|1567222445|1567216749,True,True,partial_crop,142.21389999147505,1.2479000142775476,143.4618000057526
1102807411_partial_occlusion.jpg,1102807411,1102807411,0.8600941896438599,1102807411|642501738|4295806662|1553042138|1567216749,True,True,partial_occlusion,157.5151999713853,2.4036000249907374,159.91879999637604
1102807411_background_clutter.jpg,1102807411,1102807411,0.8221418261528015,1102807411|4355718773|4510245213|642501738|929659763,True,True,background_clutter,159.9479999858886,1.3702000142075121,161.3182000000961
1102807411_image_noise.jpg,1102807411,1102807411,0.899601936340332,1102807411|642501738|1553042138|1735939558|4355926073,True,True,image_noise,160.29299999354407,2.3206000332720578,162.61360002681613
1102807411_perspective_distortion.jpg,1102807411,1102807411,0.9640194773674011,1102807411|642501738|1553042138|1567222445|1806361627,True,True,perspective_distortion,158.85249996790662,2.6411000289954245,161.49359999690205
1102807411_combined_difficult.jpg,1102807411,1102807411,0.9068787693977356,1102807411|1553042138|642501738|1567222445|4445735236,True,True,combined_difficult,155.20320000359789,2.081699960399419,157.2848999639973
1551129812_bad_lighting.jpg,1551129812,1551129812,0.9208216667175293,1551129812|1418138274|1901244091|4498676661|645358125,True,True,bad_lighting,154.55469995504245,2.264500013552606,156.81919996859506
1551129812_brightness_contrast.jpg,1551129812,1551129812,0.88630211353302,1551129812|791088594|4409420378|892611539|1111944047,True,True,brightness_contrast,157.04869996989146,3.0138000147417188,160.06249998463318
1551129812_blur.jpg,1551129812,1551129812,0.9595260620117188,1551129812|4498676661|4515602750|4446222334|4478842701,True,True,blur,161.3651000079699,3.1350000062957406,164.50010001426563
1551129812_rotation.jpg,1551129812,1551129812,0.9626405835151672,1551129812|4498676661|4446222334|4457758017|4478842701,True,True,rotation,167.5008999882266,2.4095000117085874,169.91039999993518
1551129812_partial_crop.jpg,1551129812,1551129812,0.9455087780952454,1551129812|4498676661|645358125|4409420378|4457758017,True,True,partial_crop,150.5596000351943,2.084699983242899,152.6443000184372
1551129812_partial_occlusion.jpg,1551129812,1551129812,0.8637902736663818,1551129812|765571188|1418138274|1552031348|4524861813,True,True,partial_occlusion,154.05910002300516,2.4631000123918056,156.52220003539696
1551129812_background_clutter.jpg,1551129812,1551129812,0.8259161710739136,1551129812|1418138274|4442291483|1423444003|1799141935,True,True,background_clutter,153.44549994915724,2.2393999970518053,155.68489994620904
1551129812_image_noise.jpg,1551129812,1551129812,0.8751286268234253,1551129812|4498676661|1111944047|944471294|1280753638,True,True,image_noise,187.00050003826618,2.4304999969899654,189.43100003525615
1551129812_perspective_distortion.jpg,1551129812,1551129812,0.9736096858978271,1551129812|4498676661|4446222334|1799141935|4455029353,True,True,perspective_distortion,185.3722999803722,2.7823999989777803,188.15469997934997
1551129812_combined_difficult.jpg,1551129812,1551129812,0.8895700573921204,1551129812|1418138274|4498676661|694721245|1901244091,True,True,combined_difficult,370.01460004830733,4.07879997510463,374.09340002341196
910630555_bad_lighting.jpg,910630555,910630555,0.9347232580184937,910630555|4558873875|4540572649|4444728294|1306128819,True,True,bad_lighting,155.2462000399828,1.372799975797534,156.61900001578033
910630555_brightness_contrast.jpg,910630555,910630555,0.8413100242614746,910630555|4538551298|4488309813|4444728294|1555675711,True,True,brightness_contrast,149.6793999685906,1.923199975863099,151.6025999444537
910630555_blur.jpg,910630555,910630555,0.9267323017120361,910630555|4550616132|4540572649|4488361731|4557311011,True,True,blur,145.3528000274673,1.2434999807737768,146.5963000082411
910630555_rotation.jpg,910630555,910630555,0.9434571266174316,910630555|4550616132|4540572649|4498263461|4488361731,True,True,rotation,150.93520004302263,1.236199983395636,152.17140002641827
910630555_partial_crop.jpg,910630555,910630555,0.9514456391334534,910630555|4444728294|4558873875|4538788349|4540572649,True,True,partial_crop,137.61629996588454,1.9438000163063407,139.56009998219088
910630555_partial_occlusion.jpg,910630555,910630555,0.8812063932418823,910630555|903406448|4571217640|4538551298|4540572649,True,True,partial_occlusion,150.4928999929689,2.119600016158074,152.61250000912696
910630555_background_clutter.jpg,910630555,910630555,0.8971824645996094,910630555|4550616132|4540572649|1768746690|4498263461,True,True,background_clutter,146.62240003235638,1.965800009202212,148.5882000415586
910630555_image_noise.jpg,910630555,910630555,0.9513678550720215,910630555|4444728294|4558873875|1715717060|4540572649,True,True,image_noise,153.51719997124746,1.2721000239253044,154.78929999517277
910630555_perspective_distortion.jpg,910630555,910630555,0.9512747526168823,910630555|4558873875|4444728294|4571217640|4540572649,True,True,perspective_distortion,148.6845999606885,1.8989000236615539,150.58349998435006
910630555_combined_difficult.jpg,910630555,910630555,0.862521231174469,910630555|4540572649|4444728294|709537558|1306128819,True,True,combined_difficult,162.58289996767417,1.9271000055596232,164.5099999732338
4308366231_bad_lighting.jpg,4308366231,4308366231,0.9131549000740051,4308366231|4494938702|4462453631|656772762|4471740078,True,True,bad_lighting,156.27739997580647,2.1730000153183937,158.45039999112487
4308366231_brightness_contrast.jpg,4308366231,4308366231,0.9396877288818359,4308366231|4494938702|4471740078|656772762|4508619242,True,True,brightness_contrast,161.9098999653943,1.9820000161416829,163.89189998153597
4308366231_blur.jpg,4308366231,4308366231,0.9309807419776917,4308366231|4494938702|656772762|4462453631|181919377,True,True,blur,149.72210000269115,1.2006000033579767,150.92270000604913
4308366231_rotation.jpg,4308366231,4308366231,0.9005105495452881,4308366231|656772762|1816162921|1076129690|656776060,True,True,rotation,151.42910002032295,1.9426000071689487,153.3717000274919
4308366231_partial_crop.jpg,4308366231,4308366231,0.9009059071540833,4308366231|4462453631|4471740078|4494938702|4503232716,True,True,partial_crop,142.12530001532286,2.214199979789555,144.33949999511242
4308366231_partial_occlusion.jpg,4308366231,4308366231,0.8748635053634644,4308366231|4494938702|1623825425|4503232716|4508619242,True,True,partial_occlusion,157.11749996989965,1.9313000375404954,159.04880000744015
4308366231_background_clutter.jpg,4308366231,4308366231,0.8438656330108643,4308366231|4494938702|1623825425|4445726329|753666678,True,True,background_clutter,151.59329999005422,1.342100033070892,152.9354000231251
4308366231_image_noise.jpg,4308366231,4308366231,0.9362562894821167,4308366231|4494938702|656772762|4471740078|4503232716,True,True,image_noise,157.17190003488213,2.289599971845746,159.46150000672787
4308366231_perspective_distortion.jpg,4308366231,4308366231,0.9294103980064392,4308366231|4494938702|4503232716|4462453631|656772762,True,True,perspective_distortion,162.39509999286383,1.4309000107459724,163.8260000036098
4308366231_combined_difficult.jpg,4308366231,4308366231,0.8957744836807251,4308366231|4494938702|4503232716|4508619242|1623825425,True,True,combined_difficult,159.7685000160709,1.9128000130876899,161.6813000291586
1238844845_bad_lighting.jpg,1238844845,1238844845,0.9249027967453003,1238844845|1300645971|1287107985|1153617565|1414298563,True,True,bad_lighting,151.91449999110773,2.1427000174298882,154.05720000853762
1238844845_brightness_contrast.jpg,1238844845,1238844845,0.8822764158248901,1238844845|1300645971|1287107985|1098965680|1090845316,True,True,brightness_contrast,160.59450001921505,2.9708999791182578,163.5653999983333
1238844845_blur.jpg,1238844845,1238844845,0.9355049133300781,1238844845|1300645971|1287107985|1414298563|1170944643,True,True,blur,145.53709997562692,2.134100010152906,147.67119998577982
1238844845_rotation.jpg,1238844845,1238844845,0.9330194592475891,1238844845|1300645971|1262395751|1170944643|1414298563,True,True,rotation,154.10280000651255,2.3901000386103988,156.49290004512295
1238844845_partial_crop.jpg,1238844845,1238844845,0.9191835522651672,1238844845|1098965680|1210101776|4542396510|1274984364,True,True,partial_crop,145.7530000479892,1.9447999657131732,147.69780001370236
1238844845_partial_occlusion.jpg,1238844845,1238844845,0.8511524796485901,1238844845|1300645971|1287107985|1170944643|1153617565,True,True,partial_occlusion,151.485699985642,1.0916999890469015,152.5773999746889
1238844845_background_clutter.jpg,1238844845,1394273489,0.7860194444656372,1394273489|1300645971|4366231627|4510452277|1287107985,False,False,background_clutter,151.613800029736,2.0604999735951424,153.67430000333115
1238844845_image_noise.jpg,1238844845,1238844845,0.940621018409729,1238844845|1300645971|1414298563|1262395751|1098965680,True,True,image_noise,149.47009994648397,1.9669000175781548,151.43699996406212
1238844845_perspective_distortion.jpg,1238844845,1238844845,0.9343235492706299,1238844845|1300645971|1287107985|1153617565|1262395751,True,True,perspective_distortion,149.92310001980513,1.2722999672405422,151.19539998704568
1238844845_combined_difficult.jpg,1238844845,4575891623,0.8174629807472229,4575891623|1287107985|1090845316|1153617565|4579084468,False,False,combined_difficult,151.95259999018162,1.9434000132605433,153.89600000344217
1068710247_bad_lighting.jpg,1068710247,1068710247,0.8883306980133057,1068710247|4562991248|185646205|1158778567|20777170,True,True,bad_lighting,147.52020000014454,1.1181999580003321,148.63839995814487
1068710247_brightness_contrast.jpg,1068710247,1068710247,0.8615063428878784,1068710247|1418138274|1809847122|565681108|960972616,True,True,brightness_contrast,141.60790003370494,1.0966999689117074,142.70460000261664
1068710247_blur.jpg,1068710247,1068710247,0.8749040961265564,1068710247|4510422007|4562991248|4582187227|1157765197,True,True,blur,137.84750003833324,1.123800000641495,138.97130003897473
1068710247_rotation.jpg,1068710247,1068710247,0.9525734782218933,1068710247|1418138274|1259984790|234909980|1645197786,True,True,rotation,146.96470001945272,1.895099994726479,148.8598000141792
1068710247_partial_crop.jpg,1068710247,1068710247,0.9137710332870483,1068710247|1418138274|1259984790|1569230911|1567136081,True,True,partial_crop,137.98339996719733,1.250700035598129,139.23410000279546
1068710247_partial_occlusion.jpg,1068710247,1068710247,0.9290696978569031,1068710247|185646205|4533259549|163500641|4372275877,True,True,partial_occlusion,147.72910001920536,2.4046999751590192,150.13379999436438
1068710247_background_clutter.jpg,1068710247,1068710247,0.8961479663848877,1068710247|1809847122|1418138274|1710314518|4582168681,True,True,background_clutter,144.63160000741482,2.1167999948374927,146.7484000022523
1068710247_image_noise.jpg,1068710247,1068710247,0.9263235330581665,1068710247|4582188289|1856118409|4402552851|185646205,True,True,image_noise,145.5267999554053,2.1784999989904463,147.70529995439574
1068710247_perspective_distortion.jpg,1068710247,1068710247,0.9414692521095276,1068710247|185646205|775100987|531861569|1158778567,True,True,perspective_distortion,140.74339997023344,1.9028999959118664,142.6462999661453
1068710247_combined_difficult.jpg,1068710247,1068710247,0.8722039461135864,1068710247|4510422007|1418138274|4503223986|1185118654,True,True,combined_difficult,142.7704999805428,1.283499994315207,144.05399997485802
4420096243_bad_lighting.jpg,4420096243,4420096243,0.958238422870636,4420096243|4438201789|4446522339|4583153073|4581570899,True,True,bad_lighting,144.8334000306204,1.3987999991513789,146.23220002977178
4420096243_brightness_contrast.jpg,4420096243,4420096243,0.9595463275909424,4420096243|4446522339|4583145313|4438201789|4391266036,True,True,brightness_contrast,148.80039996933192,2.0590000203810632,150.85939998971298
4420096243_blur.jpg,4420096243,4420096243,0.9419557452201843,4420096243|4438201789|220160905|4446522339|4581570899,True,True,blur,146.49569999892265,2.214500040281564,148.7102000392042
4420096243_rotation.jpg,4420096243,4420096243,0.9492919445037842,4420096243|4509756539|1274714821|4309155753|4512070946,True,True,rotation,148.00529996864498,1.9747000187635422,149.97999998740852
4420096243_partial_crop.jpg,4420096243,4420096243,0.9525420665740967,4420096243|1274714821|4446522339|216089568|4330164704,True,True,partial_crop,141.66279998607934,2.0748000242747366,143.73760001035407
4420096243_partial_occlusion.jpg,4420096243,4420096243,0.9314001798629761,4420096243|1848084208|4446522339|4438201789|1711537670,True,True,partial_occlusion,149.6839000028558,2.0127000170759857,151.6966000199318
4420096243_background_clutter.jpg,4420096243,727775169,0.7601218223571777,727775169|925268458|4428095886|4366231627|4373811778,False,False,background_clutter,144.9925000197254,1.9455999718047678,146.93809999153018
4420096243_image_noise.jpg,4420096243,4420096243,0.937470555305481,4420096243|4581771546|4484400556|4583145313|4446522339,True,True,image_noise,150.1152000273578,1.3021999620832503,151.41739998944104
4420096243_perspective_distortion.jpg,4420096243,4420096243,0.9635847210884094,4420096243|4446522339|4309155753|4309163490|4583145313,True,True,perspective_distortion,147.8301999741234,1.9104999955743551,149.74069996969774
4420096243_combined_difficult.jpg,4420096243,4420096243,0.8706966042518616,4420096243|1567543769|220160905|4511146660|4391266036,True,True,combined_difficult,144.67300003161654,1.9930999842472374,146.66610001586378
1389443910_bad_lighting.jpg,1389443910,1389443910,0.9259194135665894,1389443910|1577071963|745919725|517519659|745678143,True,True,bad_lighting,140.5607999768108,2.153300039935857,142.71410001674667
1389443910_brightness_contrast.jpg,1389443910,517519659,0.9329673647880554,517519659|1389443910|1577071963|1767869973|745919725,False,True,brightness_contrast,147.72799995262176,1.9697000388987362,149.6976999915205
1389443910_blur.jpg,1389443910,1389443910,0.9482234716415405,1389443910|745919725|1577071963|1767869973|517519659,True,True,blur,145.9404999623075,2.2012999979779124,148.14179996028543
1389443910_rotation.jpg,1389443910,1389443910,0.9656035304069519,1389443910|745919725|1577071963|966511160|4463645428,True,True,rotation,142.26769999368116,1.2253999593667686,143.49309995304793
1389443910_partial_crop.jpg,1389443910,1389443910,0.9575145244598389,1389443910|1577071963|745919725|966511160|1689620752,True,True,partial_crop,139.0364000108093,1.9149999716319144,140.95139998244122
1389443910_partial_occlusion.jpg,1389443910,1389443910,0.9189727902412415,1389443910|745919725|1577071963|517519659|4486784495,True,True,partial_occlusion,142.6785999792628,1.9639000529423356,144.64250003220513
1389443910_background_clutter.jpg,1389443910,4571285511,0.7931616306304932,4571285511|4510379232|1319801910|4307178142|4433956350,False,False,background_clutter,141.4179999846965,2.0256999996490777,143.44369998434559
1389443910_image_noise.jpg,1389443910,769186820,0.8935794830322266,769186820|1389443910|847586732|1168085379|4320646886,False,True,image_noise,145.2603000216186,2.0767999812960625,147.33710000291467
1389443910_perspective_distortion.jpg,1389443910,1389443910,0.9885318875312805,1389443910|745919725|517519659|1577071963|966511160,True,True,perspective_distortion,143.08090001577511,1.9167999853380024,144.99770000111312
1389443910_combined_difficult.jpg,1389443910,1389443910,0.900871753692627,1389443910|745919725|1577071963|875211063|745678143,True,True,combined_difficult,145.3330999938771,1.9865999929606915,147.3196999868378
1881393235_bad_lighting.jpg,1881393235,1881393235,0.9428727030754089,1881393235|1117134239|4582197812|4534354162|4370396807,True,True,bad_lighting,147.44139998219907,2.5437999865971506,149.98519996879622
1881393235_brightness_contrast.jpg,1881393235,1881393235,0.9408845901489258,1881393235|4534354162|4510440994|1117134239|640754819,True,True,brightness_contrast,146.9306999933906,1.282599987462163,148.21329998085275
1881393235_blur.jpg,1881393235,1881393235,0.9578400254249573,1881393235|1117134239|4534354162|4510440994|4582197812,True,True,blur,152.46860001934692,1.9054999575018883,154.3740999768488
1881393235_rotation.jpg,1881393235,1881393235,0.9511746764183044,1881393235|1117134239|4510440994|640754139|4534354162,True,True,rotation,147.69940002588555,2.154699992388487,149.85410001827404
1881393235_partial_crop.jpg,1881393235,1881393235,0.907987654209137,1881393235|4510440994|1117134239|4534354162|1419526360,True,True,partial_crop,140.1245000306517,1.2253000168129802,141.34980004746467
1881393235_partial_occlusion.jpg,1881393235,1881393235,0.8157892227172852,1881393235|1790875926|4324835434|4548841734|4582197812,True,True,partial_occlusion,147.0862000132911,1.3138999929651618,148.40010000625625
1881393235_background_clutter.jpg,1881393235,1881393235,0.7829191088676453,1881393235|1790875926|4324835434|4370396807|4582197812,True,True,background_clutter,146.29400003468618,1.3153000036254525,147.60930003831163
1881393235_image_noise.jpg,1881393235,1881393235,0.9140880703926086,1881393235|4534354162|4510440994|1117134239|640754819,True,True,image_noise,147.23810000577942,2.1499000140465796,149.388000019826
1881393235_perspective_distortion.jpg,1881393235,1881393235,0.9595606327056885,1881393235|4534354162|640754819|1732922067|640754139,True,True,perspective_distortion,152.67430001404136,1.8945999909192324,154.5689000049606
1881393235_combined_difficult.jpg,1881393235,1881393235,0.8235244750976562,1881393235|4370396807|1419526360|1790875926|4510440994,True,True,combined_difficult,148.31150003010407,2.2807999630458653,150.59229999314994
4510423520_bad_lighting.jpg,4510423520,4510423520,0.9258852601051331,4510423520|546098844|1090653281|1457125636|1604365955,True,True,bad_lighting,144.8441999964416,1.2799999676644802,146.12419996410608
4510423520_brightness_contrast.jpg,4510423520,4510423520,0.9144436120986938,4510423520|1754780977|4506949965|1457125636|4464352710,True,True,brightness_contrast,147.97019999241456,2.192599989939481,150.16279998235404
4510423520_blur.jpg,4510423520,4510423520,0.9581002593040466,4510423520|1161482730|4445702431|1090653281|1604365955,True,True,blur,147.02680002665147,2.244099974632263,149.27090000128374
4510423520_rotation.jpg,4510423520,4510423520,0.9694451093673706,4510423520|4445702431|1161482730|4582179643|4506949965,True,True,rotation,143.61179998377338,1.9228000310249627,145.53460001479834
4510423520_partial_crop.jpg,4510423520,4510423520,0.9384105205535889,4510423520|4445702431|4574579144|4464352710|1090653281,True,True,partial_crop,136.92019996233284,2.1031000069342554,139.0232999692671
4510423520_partial_occlusion.jpg,4510423520,4510423520,0.9672409296035767,4510423520|1161482730|4445702431|1090653281|4582179643,True,True,partial_occlusion,147.3188999807462,2.1561000030487776,149.474999983795
4510423520_background_clutter.jpg,4510423520,4510423520,0.8322173357009888,4510423520|676659617|513641586|1689814469|727775169,True,True,background_clutter,150.6703000050038,1.9842000328935683,152.65450003789738
4510423520_image_noise.jpg,4510423520,4510423520,0.9130362272262573,4510423520|1161482730|4432635478|4517927253|4582179643,True,True,image_noise,150.26480000233278,2.1391999907791615,152.40399999311194
4510423520_perspective_distortion.jpg,4510423520,4510423520,0.9767723679542542,4510423520|4445702431|4582179643|1161482730|4547988625,True,True,perspective_distortion,149.65169999049976,2.4884999729692936,152.14019996346906
4510423520_combined_difficult.jpg,4510423520,4510423520,0.8864279985427856,4510423520|1604365955|4582161734|1457125636|4363768662,True,True,combined_difficult,149.5134000433609,2.4141999892890453,151.92760003264993
1714824776_bad_lighting.jpg,1714824776,1714824776,0.9442920088768005,1714824776|1787419500|1358160686|4368095112|1797722453,True,True,bad_lighting,149.36199999647215,1.2462000013329089,150.60819999780506
1714824776_brightness_contrast.jpg,1714824776,1714824776,0.9222309589385986,1714824776|1358160686|846967853|1809618170|1248598130,True,True,brightness_contrast,150.83030000096187,1.9127000123262405,152.7430000132881
1714824776_blur.jpg,1714824776,1714824776,0.9646931290626526,1714824776|4446535706|4446516739|1248598130|1358160686,True,True,blur,150.29630000935867,1.0947000118903816,151.39100002124906
1714824776_rotation.jpg,1714824776,1714824776,0.9698137640953064,1714824776|1358160686|4569923895|4546027282|1806730091,True,True,rotation,151.65459999116138,2.160299976821989,153.81489996798337
1714824776_partial_crop.jpg,1714824776,1714824776,0.9261350631713867,1714824776|4446535706|4569923895|1358160686|1797722453,True,True,partial_crop,137.67149997875094,1.5024000313133001,139.17390001006424
1714824776_partial_occlusion.jpg,1714824776,1714824776,0.8923888206481934,1714824776|4486784495|1787419500|1797722453|189522983,True,True,partial_occlusion,152.21650002058595,1.9984999671578407,154.2149999877438
1714824776_background_clutter.jpg,1714824776,727775169,0.7625777125358582,727775169|4510379232|1604593559|105235026|925268458,False,False,background_clutter,151.29629999864846,2.2886000224389136,153.58490002108738
1714824776_image_noise.jpg,1714824776,1714824776,0.9185726642608643,1714824776|4446535706|1248598130|846967853|1358160686,True,True,image_noise,156.54019999783486,1.944200019352138,158.484400017187
1714824776_perspective_distortion.jpg,1714824776,1714824776,0.9744383096694946,1714824776|1358160686|4446535706|846967853|1248598130,True,True,perspective_distortion,160.6442000484094,2.4188999668695033,163.0631000152789
1714824776_combined_difficult.jpg,1714824776,1714824776,0.9196951985359192,1714824776|846967853|1248598130|4486784495|1358160686,True,True,combined_difficult,151.77159995073453,2.489300037268549,154.26089998800308
4582185265_bad_lighting.jpg,4582185265,4582185265,0.8305008411407471,4582185265|4370396807|4582222640|1392396337|4445497075,True,True,bad_lighting,151.29559999331832,1.2710000155493617,152.56660000886768
4582185265_brightness_contrast.jpg,4582185265,4345848710,0.856095552444458,4345848710|4373797557|4582185265|4503279022|1776453085,False,True,brightness_contrast,156.08039998915046,1.9152999739162624,157.99569996306673
4582185265_blur.jpg,4582185265,4582185265,0.9147927165031433,4582185265|4308346128|1825603051|4582183048|4510422007,True,True,blur,151.86119999270886,2.0505000138655305,153.9117000065744
4582185265_rotation.jpg,4582185265,4582185265,0.9211491346359253,4582185265|4481598041|193281496|1776453085|4308346128,True,True,rotation,154.58650002256036,1.2678999919444323,155.8544000145048
4582185265_partial_crop.jpg,4582185265,1635617972,0.8645941615104675,1635617972|1187505301|1136561235|1143818722|4503279022,False,False,partial_crop,141.9739000266418,1.929999969433993,143.90389999607578
4582185265_partial_occlusion.jpg,4582185265,4582185265,0.790998101234436,4582185265|1304264275|1502698806|4395797008|1392396337,True,True,partial_occlusion,156.69490001164377,1.9570000004023314,158.6519000120461
4582185265_background_clutter.jpg,4582185265,4582185265,0.8041448593139648,4582185265|1392396337|4481598041|1771241310|4582222640,True,True,background_clutter,153.88240001630038,1.9694999791681767,155.85189999546856
4582185265_image_noise.jpg,4582185265,4582185265,0.92397141456604,4582185265|4481598041|4445750529|193281496|4308346128,True,True,image_noise,154.7912000096403,2.003000001423061,156.79420001106337
4582185265_perspective_distortion.jpg,4582185265,4582185265,0.90122389793396,4582185265|4481598041|4582183048|4582222640|4308346128,True,True,perspective_distortion,153.8540999754332,1.9057000172324479,155.75979999266565
4582185265_combined_difficult.jpg,4582185265,4370396807,0.7696470618247986,4370396807|1392396337|4582185265|4388512225|4336278483,False,True,combined_difficult,154.52679997542873,1.4736999874003232,156.00049996282905
4471652962_bad_lighting.jpg,4471652962,4471652962,0.9647019505500793,4471652962|4573794658|4582172005|4527304095|4445715319,True,True,bad_lighting,174.3758000084199,2.437499992083758,176.81330000050366
4471652962_brightness_contrast.jpg,4471652962,4471652962,0.8986895084381104,4471652962|4582172005|4343635660|4446533884|4446520005,True,True,brightness_contrast,180.09819998405874,2.013100020121783,182.11130000418052
4471652962_blur.jpg,4471652962,4471652962,0.9507141709327698,4471652962|4582172005|4446533884|1797726831|4582137925,True,True,blur,157.91080001508817,2.485100005287677,160.39590002037585
4471652962_rotation.jpg,4471652962,4471652962,0.9192898273468018,4471652962|1715717060|4582172005|4527304095|1716490010,True,True,rotation,156.30979998968542,1.2312000035308301,157.54099999321625
4471652962_partial_crop.jpg,4471652962,4471652962,0.9067651033401489,4471652962|4582172005|4472856814|4343635660|4582137925,True,True,partial_crop,139.76330001605675,1.1087999446317554,140.8720999606885
4471652962_partial_occlusion.jpg,4471652962,4471652962,0.8276435732841492,4471652962|4573794658|4506313983|4470808871|4446533884,True,True,partial_occlusion,155.61499999603257,1.8946000491268933,157.50960004515946
4471652962_background_clutter.jpg,4471652962,4471652962,0.8189554214477539,4471652962|4538551298|4524772601|4470808871|1768746690,True,True,background_clutter,157.938499993179,1.9318999839015305,159.87039997708052
4471652962_image_noise.jpg,4471652962,4471652962,0.9272704720497131,4471652962|4582172005|4446533884|4445715319|4527304095,True,True,image_noise,157.18530002050102,2.9565999866463244,160.14190000714734
4471652962_perspective_distortion.jpg,4471652962,4471652962,0.90571528673172,4471652962|4446533884|4582172005|4446520005|4582137925,True,True,perspective_distortion,148.26310001080856,1.93349999608472,150.19660000689328
4471652962_combined_difficult.jpg,4471652962,4471652962,0.8696650266647339,4471652962|709537558|4582172005|4540572649|4573794658,True,True,combined_difficult,156.43229999113828,2.0609000348486006,158.49320002598688
398072983_bad_lighting.jpg,398072983,398072983,0.9337419271469116,398072983|4324070661|4510455932|773795577|637588403,True,True,bad_lighting,141.1192999803461,1.286200014874339,142.40549999522045
398072983_brightness_contrast.jpg,398072983,398072983,0.8385375738143921,398072983|4324070661|961628932|230583356|1420795924,True,True,brightness_contrast,151.0368000017479,1.9591000163927674,152.99590001814067
398072983_blur.jpg,398072983,398072983,0.8469546437263489,398072983|773795577|1304322851|4370396807|930373498,True,True,blur,151.24929999001324,1.9477999885566533,153.1970999785699
398072983_rotation.jpg,398072983,398072983,0.8225651979446411,398072983|4446957386|783889971|4373830070|4522675099,True,True,rotation,151.69170004082844,1.891499967314303,153.58320000814274
398072983_partial_crop.jpg,398072983,398072983,0.8548321723937988,398072983|1504410920|753671318|4445757572|4510650497,True,True,partial_crop,138.23989999946207,1.8993000267073512,140.13920002616942
398072983_partial_occlusion.jpg,398072983,398072983,0.8815557956695557,398072983|4446957386|773795577|1319801910|4370396807,True,True,partial_occlusion,145.71750001050532,2.5431999820284545,148.26069999253377
398072983_background_clutter.jpg,398072983,398072983,0.7682359218597412,398072983|4446957386|1609092004|930373498|4583159208,True,True,background_clutter,145.73300001211464,1.2386000016704202,146.97160001378506
398072983_image_noise.jpg,398072983,398072983,0.8649933934211731,398072983|4582216422|4324070661|4446957386|4373830070,True,True,image_noise,149.99540004646406,2.169199986383319,152.16460003284737
398072983_perspective_distortion.jpg,398072983,398072983,0.9447126388549805,398072983|1504410920|1304322851|773795577|4582221614,True,True,perspective_distortion,144.7819999884814,1.887999998871237,146.66999998735264
398072983_combined_difficult.jpg,398072983,398072983,0.8361413478851318,398072983|4582221614|773795577|1304322851|4445757572,True,True,combined_difficult,147.1117000328377,1.9530999707058072,149.0648000035435
924341496_bad_lighting.jpg,924341496,924341496,0.9384995698928833,924341496|4582164567|1848084208|4583107521|4583157950,True,True,bad_lighting,154.46290001273155,1.9041000050492585,156.3670000177808
924341496_brightness_contrast.jpg,924341496,924341496,0.9364417791366577,924341496|1848084208|1567543769|4582164567|1711537670,True,True,brightness_contrast,158.36220001801848,1.8831000197678804,160.24530003778636
924341496_blur.jpg,924341496,924341496,0.9327382445335388,924341496|4582164567|1848084208|1795684033|4464673978,True,True,blur,159.00250000413507,1.5260999789461493,160.52859998308122
924341496_rotation.jpg,924341496,924341496,0.9431621432304382,924341496|4582164567|1848084208|1270852693|1567543769,True,True,rotation,159.56700005335733,1.9894999568350613,161.5565000101924
924341496_partial_crop.jpg,924341496,924341496,0.9675064086914062,924341496|4582164567|4566632580|4546802544|1211713939,True,True,partial_crop,142.93960004579276,1.942700007930398,144.88230005372316
924341496_partial_occlusion.jpg,924341496,924341496,0.9543838500976562,924341496|4582164567|1848084208|4446524926|4522721891,True,True,partial_occlusion,162.85849997075275,2.0490000024437904,164.90749997319654
924341496_background_clutter.jpg,924341496,4571285511,0.8065675497055054,4571285511|924341496|1739307292|1327730609|4376706161,False,True,background_clutter,158.12619996722788,1.9577000057324767,160.08389997296035
924341496_image_noise.jpg,924341496,924341496,0.9339982867240906,924341496|1848084208|4582164567|4560192148|4522721891,True,True,image_noise,169.30880001746118,1.8904999596998096,171.199299977161
924341496_perspective_distortion.jpg,924341496,924341496,0.9740246534347534,924341496|4582164567|1848084208|4446524926|1467520528,True,True,perspective_distortion,155.77589999884367,1.5237000188790262,157.2996000177227
924341496_combined_difficult.jpg,924341496,924341496,0.9226714372634888,924341496|4582164567|1848084208|4522721891|4446524926,True,True,combined_difficult,161.55119996983558,1.9230000325478613,163.47420000238344
4582161659_bad_lighting.jpg,4582161659,4582161659,0.9689342379570007,4582161659|4582163115|1080483478|4420725551|4582179471,True,True,bad_lighting,153.04379997542128,2.2227000445127487,155.26650001993403
4582161659_brightness_contrast.jpg,4582161659,4582161659,0.9512952566146851,4582161659|4487819082|164465494|4582202257|4580730126,True,True,brightness_contrast,161.60759999183938,1.2810000334866345,162.888600025326
4582161659_blur.jpg,4582161659,4582161659,0.9598376750946045,4582161659|279217902|4487819082|4517160971|4582185928,True,True,blur,151.54710004571825,1.1505999718792737,152.69770001759753
4582161659_rotation.jpg,4582161659,4582161659,0.9689568877220154,4582161659|4457549149|1219029069|4582167493|4582163115,True,True,rotation,151.40690002590418,1.8624999793246388,153.26940000522882
4582161659_partial_crop.jpg,4582161659,4582161659,0.8645524382591248,4582161659|4341602961|1260758563|4582177191|1219029069,True,True,partial_crop,137.2325000120327,1.3408999657258391,138.57339997775853
4582161659_partial_occlusion.jpg,4582161659,4582161659,0.9502220749855042,4582161659|4582185928|4355311709|4457549149|279217902,True,True,partial_occlusion,153.65559997735545,1.577500021085143,155.2330999984406
4582161659_background_clutter.jpg,4582161659,4582161659,0.7867740392684937,4582161659|1164048995|4308355422|4510650497|1500855929,True,True,background_clutter,153.1410999596119,1.353600004222244,154.49469996383414
4582161659_image_noise.jpg,4582161659,4582161659,0.950833797454834,4582161659|4487819082|4582167493|4424730923|1727945539,True,True,image_noise,156.5102000022307,2.1145999780856073,158.6247999803163
4582161659_perspective_distortion.jpg,4582161659,4582161659,0.9201014637947083,4582161659|4582179471|4582167493|4582175229|4517160971,True,True,perspective_distortion,154.72519997274503,1.9056000164709985,156.63079998921603
4582161659_combined_difficult.jpg,4582161659,4582161659,0.9100155830383301,4582161659|1080483478|4420725551|4582179471|4582175229,True,True,combined_difficult,151.80679998593405,2.0101999980397522,153.8169999839738
1848293580_bad_lighting.jpg,1848293580,1848293580,0.9482147097587585,1848293580|567536117|1607959158|4457549149|1639800167,True,True,bad_lighting,142.35869998810813,1.9313000375404954,144.29000002564862
1848293580_brightness_contrast.jpg,1848293580,1848293580,0.8973187208175659,1848293580|567536117|4457549149|4582176514|1082135727,True,True,brightness_contrast,143.97219999227673,2.0756000303663313,146.04780002264306
1848293580_blur.jpg,1848293580,1848293580,0.9435762763023376,1848293580|567536117|4457549149|1607959158|4420725551,True,True,blur,137.73050002055243,1.984400034416467,139.7149000549689
1848293580_rotation.jpg,1848293580,1848293580,0.9566742181777954,1848293580|567536117|4457549149|1639800167|1607959158,True,True,rotation,145.28389996849,1.9062000210396945,147.1900999895297
1848293580_partial_crop.jpg,1848293580,1848293580,0.8977872133255005,1848293580|567536117|4557804056|1020016196|1492986611,True,True,partial_crop,133.49410000955686,2.266199968289584,135.76029997784644
1848293580_partial_occlusion.jpg,1848293580,1848293580,0.8887144327163696,1848293580|4557804056|1496674267|1821013430|1730440318,True,True,partial_occlusion,154.3507999740541,2.0398999913595617,156.39069996541366
1848293580_background_clutter.jpg,1848293580,1762059251,0.76624596118927,1762059251|1848293580|1482339795|4510379232|4582170751,False,True,background_clutter,139.8056000471115,2.0587999606505036,141.86440000776201
1848293580_image_noise.jpg,1848293580,1848293580,0.8802127838134766,1848293580|567536117|1607959158|1806361627|4420725551,True,True,image_noise,143.53130001109093,2.5237000081688166,146.05500001925975
1848293580_perspective_distortion.jpg,1848293580,1848293580,0.9733625054359436,1848293580|567536117|4457549149|1639800167|1607959158,True,True,perspective_distortion,141.52340003056452,1.103999966289848,142.62739999685436
1848293580_combined_difficult.jpg,1848293580,1848293580,0.8588522672653198,1848293580|537486722|1482365121|902811821|4557804056,True,True,combined_difficult,141.7543000425212,1.9261999987065792,143.6805000412278
4433411808_bad_lighting.jpg,4433411808,4433411808,0.938063383102417,4433411808|207963740|4582159180|1717982600|4385070478,True,True,bad_lighting,167.24099998828024,1.0847999947145581,168.3257999829948
4433411808_brightness_contrast.jpg,4433411808,4433411808,0.9120886325836182,4433411808|494217396|4336065178|4522804635|207963740,True,True,brightness_contrast,161.9118000380695,1.9445999641902745,163.85640000225976
4433411808_blur.jpg,4433411808,4433411808,0.9036942720413208,4433411808|207963740|4435047800|4402552851|1607864384,True,True,blur,161.63799999048933,1.2698000064119697,162.9077999969013
4433411808_rotation.jpg,4433411808,4433411808,0.9632161855697632,4433411808|4385070478|651729381|1000177682|4445713694,True,True,rotation,174.88130001584068,2.209999947808683,177.09129996364936
4433411808_partial_crop.jpg,4433411808,4433411808,0.9364303350448608,4433411808|4510424120|1066318874|494217396|1798734016,True,True,partial_crop,148.64999998826534,2.050400013104081,150.70040000136942
4433411808_partial_occlusion.jpg,4433411808,4433411808,0.8428804874420166,4433411808|1607864384|4582168918|4418392447|4503232716,True,True,partial_occlusion,161.64010000647977,1.512399991042912,163.15249999752268
4433411808_background_clutter.jpg,4433411808,1607864384,0.8063111305236816,1607864384|4433411808|4571285511|4582184054|4580708849,False,True,background_clutter,158.23770000133663,1.8976000137627125,160.13530001509935
4433411808_image_noise.jpg,4433411808,4433411808,0.9334573745727539,4433411808|1000177682|1015889821|4479281327|207963740,True,True,image_noise,170.6774999620393,2.1242000511847436,172.80170001322404
4433411808_perspective_distortion.jpg,4433411808,4433411808,0.9678374528884888,4433411808|4385070478|1798734016|4522804635|1015889821,True,True,perspective_distortion,161.1004999722354,2.108600048813969,163.20910002104938
4433411808_combined_difficult.jpg,4433411808,4433411808,0.8622528910636902,4433411808|4582159180|4402552851|725551657|207963740,True,True,combined_difficult,158.30070001538843,1.9222000264562666,160.2229000418447
1862233767_bad_lighting.jpg,1862233767,1862233767,0.9451422691345215,1862233767|1862311083|1848030348|4374153112|4374715571,True,True,bad_lighting,147.42340001976117,1.9013999844901264,149.3248000042513
1862233767_brightness_contrast.jpg,1862233767,1862233767,0.911416232585907,1862233767|1862311083|1848030348|1723568643|4582168918,True,True,brightness_contrast,149.14649998536333,1.9911999697797,151.13769995514303
1862233767_blur.jpg,1862233767,1862233767,0.9432017207145691,1862233767|1862311083|1848030348|4374153112|4510475227,True,True,blur,142.40189996780828,1.9139000214636326,144.3157999892719
1862233767_rotation.jpg,1862233767,1862233767,0.9732749462127686,1862233767|1848030348|1862311083|4374153112|4374152928,True,True,rotation,146.64320001611486,2.3145999875850976,148.95780000369996
1862233767_partial_crop.jpg,1862233767,1862233767,0.9193189144134521,1862233767|1862311083|1848030348|4374153112|4582987984,True,True,partial_crop,138.4426000295207,2.5744999875314534,141.01710001705214
1862233767_partial_occlusion.jpg,1862233767,1862233767,0.9409328699111938,1862233767|1862311083|1848030348|4374153112|4510475227,True,True,partial_occlusion,144.15000000735745,1.9944999949075282,146.14450000226498
1862233767_background_clutter.jpg,1862233767,4445726329,0.7775928974151611,4445726329|4563863182|727775169|4583152458|4522675099,False,False,background_clutter,142.39270001417026,2.4224999942816794,144.81520000845194
1862233767_image_noise.jpg,1862233767,1862233767,0.9317556619644165,1862233767|1862311083|1848030348|4374152928|4374178828,True,True,image_noise,150.12529998784885,1.9948999979533255,152.12019998580217
1862233767_perspective_distortion.jpg,1862233767,1862233767,0.9715325832366943,1862233767|1862311083|1848030348|4374153112|4374152928,True,True,perspective_distortion,147.5755000137724,1.9064999651163816,149.48199997888878
1862233767_combined_difficult.jpg,1862233767,1862233767,0.905267596244812,1862233767|1862311083|4374153112|1848030348|1723568643,True,True,combined_difficult,146.887400012929,1.901299983728677,148.78869999665767
4445764674_bad_lighting.jpg,4445764674,4445764674,0.9767717123031616,4445764674|4390763379|4336881793|4373827594|1596638966,True,True,bad_lighting,139.61720000952482,1.2583000352606177,140.87550004478544
4445764674_brightness_contrast.jpg,4445764674,4445764674,0.9635573625564575,4445764674|4390763379|4336881793|4438967765|219465262,True,True,brightness_contrast,144.7531000012532,1.1686999932862818,145.92179999453947
4445764674_blur.jpg,4445764674,4445764674,0.9621590971946716,4445764674|4390763379|189592662|4478842701|4563171024,True,True,blur,150.43989999685436,1.8925999756902456,152.3324999725446
4445764674_rotation.jpg,4445764674,4445764674,0.960881769657135,4445764674|4390763379|189592662|4563171024|4478842701,True,True,rotation,146.44369995221496,1.942100003361702,148.38579995557666
4445764674_partial_crop.jpg,4445764674,4445764674,0.983870267868042,4445764674|4390763379|4373827594|4580269156|4336881793,True,True,partial_crop,138.0625999881886,1.886799989733845,139.94939997792244
4445764674_partial_occlusion.jpg,4445764674,4445764674,0.8182191848754883,4445764674|4493861254|4373827594|4478842701|4324835434,True,True,partial_occlusion,155.07000003708526,1.9125000108033419,156.9825000478886
4445764674_background_clutter.jpg,4445764674,4445764674,0.8446958065032959,4445764674|1707629263|4444549123|4438656777|1350832584,True,True,background_clutter,143.51399999577552,1.9448999664746225,145.45889996225014
4445764674_image_noise.jpg,4445764674,4445764674,0.9536296129226685,4445764674|4390763379|4438967765|4478842701|4336881793,True,True,image_noise,152.9246999998577,2.295199956279248,155.21989995613694
4445764674_perspective_distortion.jpg,4445764674,4445764674,0.9817808270454407,4445764674|4390763379|4336881793|4478842701|4373827594,True,True,perspective_distortion,152.50979998381808,1.909299986436963,154.41909997025505
4445764674_combined_difficult.jpg,4445764674,4445764674,0.921675980091095,4445764674|4390763379|4306110561|4478842701|4438967765,True,True,combined_difficult,159.7551999730058,2.280500018969178,162.03569999197498
4583149957_bad_lighting.jpg,4583149957,4583149957,0.9110696315765381,4583149957|4583157019|1861578161|4373823933|1612904168,True,True,bad_lighting,145.0724999886006,2.4574999697506428,147.52999995835125
4583149957_brightness_contrast.jpg,4583149957,4395797008,0.8289589881896973,4395797008|1304264275|1612904168|1502698806|4373823933,False,False,brightness_contrast,144.71070002764463,2.2163999965414405,146.92710002418607
4583149957_blur.jpg,4583149957,4583149957,0.9631597399711609,4583149957|4491702437|4446523843|4551411899|1467520528,True,True,blur,152.59419998619705,2.1481000003404915,154.74229998653755
4583149957_rotation.jpg,4583149957,4583149957,0.9619312882423401,4583149957|4491702437|1799032019|4564025195|4551411899,True,True,rotation,163.03850000258535,2.7768000145442784,165.81530001712963
4583149957_partial_crop.jpg,4583149957,4583149957,0.95181804895401,4583149957|4491702437|4446523843|4551411899|1861533199,True,True,partial_crop,144.0059000160545,1.9563999958336353,145.96230001188815
4583149957_partial_occlusion.jpg,4583149957,1612904168,0.8037608861923218,1612904168|4583149957|1304264275|491084087|1783524136,False,True,partial_occlusion,160.34790000412613,2.1616999874822795,162.5095999916084
4583149957_background_clutter.jpg,4583149957,4445726329,0.7808306217193604,4445726329|1612904168|4563863182|565681108|1304264275,False,False,background_clutter,153.62429997185245,2.1380000398494303,155.76230001170188
4583149957_image_noise.jpg,4583149957,4583149957,0.9232062101364136,4583149957|1861533199|4583172172|1858426840|4491702437,True,True,image_noise,152.77380001498386,1.3691000058315694,154.14290002081543
4583149957_perspective_distortion.jpg,4583149957,4583149957,0.9770039319992065,4583149957|4491702437|1799032019|4551411899|4444271206,True,True,perspective_distortion,153.70180003810674,1.9233999773859978,155.62520001549274
4583149957_combined_difficult.jpg,4583149957,4583149957,0.8412037491798401,4583149957|1612904168|1861578161|4583157019|4373823933,True,True,combined_difficult,152.5324999820441,1.2268000282347202,153.75930001027882
4374717094_bad_lighting.jpg,4374717094,4374717094,0.9184242486953735,4374717094|4374704862|4374721293|4374722595|4374726683,True,True,bad_lighting,146.1023999727331,1.9207000150345266,148.02309998776764
4374717094_brightness_contrast.jpg,4374717094,4374717094,0.8507338166236877,4374717094|4374704862|4368095112|1339347208|4374722595,True,True,brightness_contrast,149.6103999670595,2.96030001481995,152.57069998187944
4374717094_blur.jpg,4374717094,4374717094,0.9147976636886597,4374717094|4374721293|4374704862|4374722595|4374726683,True,True,blur,162.57450002012774,2.1019999985583127,164.67650001868606
4374717094_rotation.jpg,4374717094,4374717094,0.9142365455627441,4374717094|4374704862|4374721293|4374722595|4374726683,True,True,rotation,148.93769996706396,2.455500012729317,151.39319997979328
4374717094_partial_crop.jpg,4374717094,4374717094,0.9136834144592285,4374717094|4374704862|4374721293|4374722595|4374715076,True,True,partial_crop,138.6884999810718,2.3667000350542367,141.05520001612604
4374717094_partial_occlusion.jpg,4374717094,4374726683,0.7732904553413391,4374726683|4374722595|4374721293|4583159208|4374717094,False,True,partial_occlusion,152.16850000433624,1.9524999661371112,154.12099997047335
4374717094_background_clutter.jpg,4374717094,4374726683,0.788285493850708,4374726683|4374721293|4374722595|1762059251|4374704862,False,False,background_clutter,162.82399999909103,2.5581999798305333,165.38219997892156
4374717094_image_noise.jpg,4374717094,4374717094,0.9202488660812378,4374717094|4374704862|978769398|1717843784|4374715076,True,True,image_noise,186.79459998384118,2.4636000161990523,189.25820000004023
4374717094_perspective_distortion.jpg,4374717094,4374717094,0.9507027864456177,4374717094|4374704862|4374721293|4374722595|4374726683,True,True,perspective_distortion,162.55700000328943,2.4488000199198723,165.0058000232093
4374717094_combined_difficult.jpg,4374717094,4374726683,0.8257417678833008,4374726683|4374721293|4374704862|4374722595|4374717094,False,True,combined_difficult,158.89030002290383,2.630600007250905,161.52090003015473
4308193570_bad_lighting.jpg,4308193570,4308193570,0.8887391686439514,4308193570|4562613336|4444271206|4373773997|1731170707,True,True,bad_lighting,160.5569999665022,1.3031000271439552,161.86009999364614
4308193570_brightness_contrast.jpg,4308193570,4582200336,0.7388707399368286,4582200336|4308193570|1890537224|4324835434|4510457622,False,True,brightness_contrast,159.02629995252937,2.4737000348977745,161.49999998742715
4308193570_blur.jpg,4308193570,4308193570,0.9558514356613159,4308193570|4446523843|1731170707|4373773997|4444271206,True,True,blur,157.2605000110343,2.7480999706313014,160.0085999816656
4308193570_rotation.jpg,4308193570,4308193570,0.9558080434799194,4308193570|4444271206|4373773997|1731170707|4444264891,True,True,rotation,157.0027000270784,3.062999981921166,160.06570000899956
4308193570_partial_crop.jpg,4308193570,4308193570,0.9701979756355286,4308193570|4373773997|4444271206|1731170707|4583152666,True,True,partial_crop,156.3724000006914,2.302900014910847,158.67530001560226
4308193570_partial_occlusion.jpg,4308193570,4308193570,0.8603454232215881,4308193570|4446516311|4444271206|1783524136|4582200336,True,True,partial_occlusion,156.45230002701283,2.589199983049184,159.041500010062
4308193570_background_clutter.jpg,4308193570,1304264275,0.7907680869102478,1304264275|4388512225|1771241310|4582200336|4350309579,False,False,background_clutter,161.70210001291707,2.6350999833084643,164.33719999622554
4308193570_image_noise.jpg,4308193570,4308193570,0.9336048364639282,4308193570|4373773997|1731170707|1632891918|4582418105,True,True,image_noise,156.09499998390675,1.9653000053949654,158.0602999893017
4308193570_perspective_distortion.jpg,4308193570,4308193570,0.9810813069343567,4308193570|4373773997|4444271206|1731170707|4444264891,True,True,perspective_distortion,205.37949999561533,2.865100046619773,208.2446000422351
4308193570_combined_difficult.jpg,4308193570,1890537224,0.8181442022323608,1890537224|4308193570|4582200336|4508619242|491084087,False,True,combined_difficult,183.59239998972043,2.522900002077222,186.11529999179766
1187505301_bad_lighting.jpg,1187505301,1187505301,0.9363149404525757,1187505301|4510455930|815693647|1157765197|4373807036,True,True,bad_lighting,213.1453999900259,2.6705999625846744,215.81599995261058
1187505301_brightness_contrast.jpg,1187505301,1187505301,0.9092599153518677,1187505301|4300350943|4459788128|1446268402|846212192,True,True,brightness_contrast,184.59300004178658,2.9952999902889132,187.5883000320755
1187505301_blur.jpg,1187505301,1187505301,0.9165199995040894,1187505301|4510455930|1861559229|815693647|881946505,True,True,blur,162.88479999639094,2.3586000315845013,165.24340002797544
1187505301_rotation.jpg,1187505301,1187505301,0.9229832291603088,1187505301|4510440776|1635617972|815693647|1157765197,True,True,rotation,180.65430002752692,2.720499993301928,183.37480002082884
1187505301_partial_crop.jpg,1187505301,1187505301,0.8948977589607239,1187505301|815693647|4445743402|1210202456|4510455930,True,True,partial_crop,158.27910002553836,2.772499981801957,161.0516000073403
1187505301_partial_occlusion.jpg,1187505301,1187505301,0.8494601249694824,1187505301|1719048902|4371306308|1861559229|4513907658,True,True,partial_occlusion,169.94300001533702,2.605499990750104,172.54850000608712
1187505301_background_clutter.jpg,1187505301,1392396337,0.7903254628181458,1392396337|1187505301|1861559229|1609092004|4582222640,False,True,background_clutter,163.60919998260215,2.5451999972574413,166.1543999798596
1187505301_image_noise.jpg,1187505301,1187505301,0.9346281290054321,1187505301|4371306308|815693647|4510455930|1143818722,True,True,image_noise,168.36519999196753,2.4335000198334455,170.79870001180097
1187505301_perspective_distortion.jpg,1187505301,1187505301,0.9514880180358887,1187505301|4371306308|1719048902|815693647|1143818722,True,True,perspective_distortion,188.3133000228554,1.3404999626800418,189.65379998553544
1187505301_combined_difficult.jpg,1187505301,1187505301,0.8375349640846252,1187505301|767535113|1861559229|4510455930|4510422007,True,True,combined_difficult,174.9450999777764,2.8470000252127647,177.79210000298917
562117176_bad_lighting.jpg,562117176,562117176,0.9421547651290894,562117176|1701714396|4477379031|763954262|929659763,True,True,bad_lighting,158.8983999681659,1.3093000161461532,160.20769998431206
562117176_brightness_contrast.jpg,562117176,562117176,0.9266743659973145,562117176|1701714396|929659763|4477379031|4510245213,True,True,brightness_contrast,168.32260001683608,2.345199987757951,170.66780000459403
562117176_blur.jpg,562117176,562117176,0.9194850325584412,562117176|1701714396|4477379031|763954262|4445720485,True,True,blur,156.32660000119358,2.6892999885603786,159.01589998975396
562117176_rotation.jpg,562117176,562117176,0.9658859372138977,562117176|4477379031|1701714396|4373782613|929659763,True,True,rotation,158.56100001838058,2.597399987280369,161.15840000566095
562117176_partial_crop.jpg,562117176,562117176,0.924270749092102,562117176|4477379031|929659763|1807886122|4373782613,True,True,partial_crop,153.07060000486672,2.5409000227227807,155.6115000275895
562117176_partial_occlusion.jpg,562117176,562117176,0.8681861758232117,562117176|1701714396|4395797008|33406280|763954262,True,True,partial_occlusion,153.7216999568045,2.2821000311523676,156.00379998795688
562117176_background_clutter.jpg,562117176,562117176,0.8458589315414429,562117176|1771241310|4510245213|1701714396|1068710247,True,True,background_clutter,155.5004000547342,2.0300999749451876,157.5305000296794
562117176_image_noise.jpg,562117176,562117176,0.9174377918243408,562117176|4477379031|1701714396|763954262|929659763,True,True,image_noise,160.8476000255905,2.112499962095171,162.96009998768568
562117176_perspective_distortion.jpg,562117176,562117176,0.9819949865341187,562117176|4477379031|4373782613|1807886122|929659763,True,True,perspective_distortion,167.29999997187406,2.176300040446222,169.47630001232028
562117176_combined_difficult.jpg,562117176,562117176,0.8988406658172607,562117176|1701714396|763954262|4477379031|4510245213,True,True,combined_difficult,151.69119997881353,1.9160000374540687,153.6072000162676
4308389674_bad_lighting.jpg,4308389674,4308389674,0.9275029897689819,4308389674|4516619626|4504567636|4444437949|4582204395,True,True,bad_lighting,148.25619995826855,2.140800002962351,150.3969999612309
4308389674_brightness_contrast.jpg,4308389674,4308389674,0.9326912760734558,4308389674|1864847761|4444437949|4516619626|1120792609,True,True,brightness_contrast,154.3212999822572,2.35730002168566,156.67860000394285
4308389674_blur.jpg,4308389674,4308389674,0.9411447644233704,4308389674|526248131|4565056291|4516619626|4510455777,True,True,blur,151.45689999917522,2.36470001982525,153.82160001900047
4308389674_rotation.jpg,4308389674,4308389674,0.9392182230949402,4308389674|152151766|4582176283|4504567636|1847386044,True,True,rotation,148.62150000408292,2.0697000436484814,150.6912000477314
4308389674_partial_crop.jpg,4308389674,4308389674,0.9232721328735352,4308389674|1573829744|4504567636|4582176283|4373820061,True,True,partial_crop,141.12490002298728,2.614600001834333,143.7395000248216
4308389674_partial_occlusion.jpg,4308389674,4308389674,0.8888260126113892,4308389674|4373820629|4504567636|4373831555|4581873802,True,True,partial_occlusion,159.81949999695644,1.2959000305272639,161.1154000274837
4308389674_background_clutter.jpg,4308389674,4308389674,0.856033444404602,4308389674|1474794673|33406280|1623850782|1553118156,True,True,background_clutter,148.30280002206564,2.466999983880669,150.7698000059463
4308389674_image_noise.jpg,4308389674,4308389674,0.9265138506889343,4308389674|152151766|4565056291|1573829744|4582176283,True,True,image_noise,149.72580003086478,1.991499972064048,151.71730000292882
4308389674_perspective_distortion.jpg,4308389674,4308389674,0.9633904695510864,4308389674|152151766|4504567636|4373820629|4582176283,True,True,perspective_distortion,160.80120002152398,2.6632999652065337,163.46449998673052
4308389674_combined_difficult.jpg,4308389674,4308389674,0.8691588044166565,4308389674|4565056291|4488441375|526248131|4516619626,True,True,combined_difficult,149.25269997911528,1.9212000188417733,151.17389999795705
4582184876_bad_lighting.jpg,4582184876,4582184876,0.8953984975814819,4582184876|4567343497|4527781892|4436061750|4495291242,True,True,bad_lighting,153.71179999783635,2.167999977245927,155.87979997508228
4582184876_brightness_contrast.jpg,4582184876,4582184876,0.8999205827713013,4582184876|4567343497|751141551|1143815044|1483610332,True,True,brightness_contrast,155.68560000974685,2.0167999900877476,157.7023999998346
4582184876_blur.jpg,4582184876,4582184876,0.9052602648735046,4582184876|4567343497|751141551|4436061750|1483610332,True,True,blur,149.1258000023663,2.011000004131347,151.13680000649765
4582184876_rotation.jpg,4582184876,4582184876,0.9499680995941162,4582184876|4567343497|4495291242|751141551|4582181586,True,True,rotation,149.34740000171587,2.040599996689707,151.38799999840558
4582184876_partial_crop.jpg,4582184876,4582184876,0.8958010673522949,4582184876|4495291242|4567343497|4574976547|4582197461,True,True,partial_crop,141.80219999980181,1.9700999837368727,143.7722999835387
4582184876_partial_occlusion.jpg,4582184876,4582184876,0.9207834005355835,4582184876|4567343497|4495291242|4582197461|4511131949,True,True,partial_occlusion,158.52429997175932,2.265100018121302,160.78939998988062
4582184876_background_clutter.jpg,4582184876,4582184876,0.816582441329956,4582184876|4510452277|1814851608|708486816|4567343497,True,True,background_clutter,149.81830003671348,1.9042000058107078,151.7225000425242
4582184876_image_noise.jpg,4582184876,4582184876,0.9343373775482178,4582184876|4567343497|751141551|975280229|1425745409,True,True,image_noise,204.41970002138987,1.9979000207968056,206.41760004218668
4582184876_perspective_distortion.jpg,4582184876,4582184876,0.9624438285827637,4582184876|4567343497|4495291242|751141551|4582181586,True,True,perspective_distortion,156.81740001309663,1.9534000311978161,158.77080004429445
4582184876_combined_difficult.jpg,4582184876,708486816,0.774628758430481,708486816|4582187140|789538994|971657694|786463649,False,False,combined_difficult,150.35779995378107,2.0198000129312277,152.3775999667123
4583172822_bad_lighting.jpg,4583172822,4583172822,0.9306924343109131,4583172822|4348781927|4328625860|675451613|1696224591,True,True,bad_lighting,147.9591999668628,2.115999988745898,150.0751999556087
4583172822_brightness_contrast.jpg,4583172822,4583172822,0.9345915913581848,4583172822|1552801554|4328625860|4583168944|1696224591,True,True,brightness_contrast,155.15499998582527,2.5747999898158014,157.72979997564107
4583172822_blur.jpg,4583172822,4583172822,0.9249972701072693,4583172822|4466742012|4583168944|4583154323|569025376,True,True,blur,149.44589999504387,2.0112000056542456,151.45710000069812
4583172822_rotation.jpg,4583172822,4583172822,0.939822256565094,4583172822|4328625860|1552801554|4373392228|4466742012,True,True,rotation,148.29310000641271,2.0735000143758953,150.3666000207886
4583172822_partial_crop.jpg,4583172822,4583172822,0.9462881684303284,4583172822|4583154382|4479134537|1696224591|1552801554,True,True,partial_crop,152.68630004720762,2.3175999522209167,155.00389999942854
4583172822_partial_occlusion.jpg,4583172822,4583172822,0.8730528950691223,4583172822|4348781927|4583168944|4466742012|4583142475,True,True,partial_occlusion,152.47070003533736,2.054199983831495,154.52490001916885
4583172822_background_clutter.jpg,4583172822,4388512225,0.7205182313919067,4388512225|1304264275|4350309579|4395797008|786463649,False,False,background_clutter,153.34469999652356,2.2001000470481813,155.54480004357174
4583172822_image_noise.jpg,4583172822,4583172822,0.8994361758232117,4583172822|4466742012|461285762|4328625860|4524154451,True,True,image_noise,160.1045000134036,2.1023000008426607,162.20680001424626
4583172822_perspective_distortion.jpg,4583172822,4583172822,0.9749360084533691,4583172822|4583154382|4583154323|4511134371|1552801554,True,True,perspective_distortion,165.91939999489114,3.0686999671161175,168.98809996200725
4583172822_combined_difficult.jpg,4583172822,4348781927,0.8399588465690613,4348781927|4486784495|4583168944|745919725|4583142475,False,False,combined_difficult,162.52559999702498,2.346399996895343,164.87199999392033
